code_name,SMILES,C#C_C_1_Partial charge,C#C_C_1_Dipole moment,C#C_C_1_Electrophil.,C#C_C_1_Nucleophil.,C#C_C_1_Radical attack,C#C_C_1_SASA,C#C_C_1_Buried volume,C#C_C_1_H bond with H2O,C#C_C_1_s proportion,C#C_C_1_p proportion,C#C_C_1_d proportion,C#C_C_1_Coord. numbers,C#C_C_1_Polariz. alpha,C#C_C_1_FOD,C#C_C_1_Dispersion,C#C_C_1_Pyramidalization,C#C_C_1_Pyramidaliz. volume,C#C_C_1_Partial charge_GFN,C#C_C_1_fukui+,C#C_C_1_fukui-,C#C_C_1_fukui0,C#C_C_1_dual descrip.,C#C_C_1_softness+,C#C_C_1_softness-,C#C_C_1_softness0,C#C_C_1_Rel. nucleophilicity,C#C_C_1_Rel. electrophilicity,C#C_C_1_GC Dual Descrip.,C#C_C_1_Mult. descrip.,C#C_C_1_Nu_Electrophil.,C#C_C_1_Nu_Nucleophil.,C#C_C_1_Nu_Radical attack,C#C_C_1_Disp. coeff. C6,C#C_C_1_Born radii,C#C_C_1_Cone angle,C#C_C_1_Solid angle,C#C_C_1_FOD s proportion,C#C_C_1_FOD p proportion,C#C_C_1_FOD d proportion,C#C_C_2_Partial charge,C#C_C_2_Dipole moment,C#C_C_2_Electrophil.,C#C_C_2_Nucleophil.,C#C_C_2_Radical attack,C#C_C_2_SASA,C#C_C_2_Buried volume,C#C_C_2_H bond with H2O,C#C_C_2_s proportion,C#C_C_2_p proportion,C#C_C_2_d proportion,C#C_C_2_Coord. numbers,C#C_C_2_Polariz. alpha,C#C_C_2_FOD,C#C_C_2_Dispersion,C#C_C_2_Pyramidalization,C#C_C_2_Pyramidaliz. volume,C#C_C_2_Partial charge_GFN,C#C_C_2_fukui+,C#C_C_2_fukui-,C#C_C_2_fukui0,C#C_C_2_dual descrip.,C#C_C_2_softness+,C#C_C_2_softness-,C#C_C_2_softness0,C#C_C_2_Rel. nucleophilicity,C#C_C_2_Rel. electrophilicity,C#C_C_2_GC Dual Descrip.,C#C_C_2_Mult. descrip.,C#C_C_2_Nu_Electrophil.,C#C_C_2_Nu_Nucleophil.,C#C_C_2_Nu_Radical attack,C#C_C_2_Disp. coeff. C6,C#C_C_2_Born radii,C#C_C_2_Cone angle,C#C_C_2_Solid angle,C#C_C_2_FOD s proportion,C#C_C_2_FOD p proportion,C#C_C_2_FOD d proportion,C#C_max_Partial charge,C#C_max_Dipole moment,C#C_max_Electrophil.,C#C_max_Nucleophil.,C#C_max_Radical attack,C#C_max_SASA,C#C_max_Buried volume,C#C_max_H bond with H2O,C#C_max_s proportion,C#C_max_p proportion,C#C_max_d proportion,C#C_max_Coord. numbers,C#C_max_Polariz. alpha,C#C_max_FOD,C#C_max_Dispersion,C#C_max_Pyramidalization,C#C_max_Pyramidaliz. volume,C#C_max_Partial charge_GFN,C#C_max_fukui+,C#C_max_fukui-,C#C_max_fukui0,C#C_max_dual descrip.,C#C_max_softness+,C#C_max_softness-,C#C_max_softness0,C#C_max_Rel. nucleophilicity,C#C_max_Rel. electrophilicity,C#C_max_GC Dual Descrip.,C#C_max_Mult. descrip.,C#C_max_Nu_Electrophil.,C#C_max_Nu_Nucleophil.,C#C_max_Nu_Radical attack,C#C_max_Disp. coeff. C6,C#C_max_Born radii,C#C_max_Cone angle,C#C_max_Solid angle,C#C_max_FOD s proportion,C#C_max_FOD p proportion,C#C_max_FOD d proportion,C#C_min_Partial charge,C#C_min_Dipole moment,C#C_min_Electrophil.,C#C_min_Nucleophil.,C#C_min_Radical attack,C#C_min_SASA,C#C_min_Buried volume,C#C_min_H bond with H2O,C#C_min_s proportion,C#C_min_p proportion,C#C_min_d proportion,C#C_min_Coord. numbers,C#C_min_Polariz. alpha,C#C_min_FOD,C#C_min_Dispersion,C#C_min_Pyramidalization,C#C_min_Pyramidaliz. volume,C#C_min_Partial charge_GFN,C#C_min_fukui+,C#C_min_fukui-,C#C_min_fukui0,C#C_min_dual descrip.,C#C_min_softness+,C#C_min_softness-,C#C_min_softness0,C#C_min_Rel. nucleophilicity,C#C_min_Rel. electrophilicity,C#C_min_GC Dual Descrip.,C#C_min_Mult. descrip.,C#C_min_Nu_Electrophil.,C#C_min_Nu_Nucleophil.,C#C_min_Nu_Radical attack,C#C_min_Disp. coeff. C6,C#C_min_Born radii,C#C_min_Cone angle,C#C_min_Solid angle,C#C_min_FOD s proportion,C#C_min_FOD p proportion,C#C_min_FOD d proportion,HOMO-LUMO gap,HOMO,LUMO,IP,EA,Dipole module,Total charge,Global SASA,G solv. in H2O,G of H-bonds H2O,Fermi-level,Total polariz. alpha,Total FOD,Hardness,Softness,Electronegativity,Electrophil. idx,Nucleophilicity idx,Second IP,Second EA,S0-T1 gap,HOMO-LUMO gap_GFN,HOMO_GFN,LUMO_GFN,Dipole module_GFN,Total energy,Total disp. C6,Total disp. C8,Dispersion area,Dispersion volume,Chem. potential,Electrodon. power idx,Electroaccep. power idx,max. electron flow,Electrodon. Chem. potential,Electrodon. max. electron flow,Electrofugality,Nucleofugality,Intrinsic React. idx,Net Electrophilicity,Hyperhardness,Hypersoftness,Electrophilic descrip.,cub. electrophilicity idx,G solv. elec.,G solv. SASA,G solv. shift,Trans. dipole moment,HOMO occup.,LUMO occup.,MaxAbsEStateIndex,MaxEStateIndex,MinAbsEStateIndex,MinEStateIndex,qed,SPS,MolWt,HeavyAtomMolWt,ExactMolWt,NumValenceElectrons,NumRadicalElectrons,MaxPartialCharge,MinPartialCharge,MaxAbsPartialCharge,MinAbsPartialCharge,FpDensityMorgan1,FpDensityMorgan2,FpDensityMorgan3,AvgIpc,BalabanJ,BertzCT,Chi0,Chi0n,Chi0v,Chi1,Chi1n,Chi1v,Chi2n,Chi2v,Chi3n,Chi3v,Chi4n,Chi4v,HallKierAlpha,Ipc,Kappa1,Kappa2,Kappa3,LabuteASA,PEOE_VSA1,PEOE_VSA10,PEOE_VSA11,PEOE_VSA12,PEOE_VSA13,PEOE_VSA14,PEOE_VSA2,PEOE_VSA3,PEOE_VSA4,PEOE_VSA5,PEOE_VSA6,PEOE_VSA7,PEOE_VSA8,PEOE_VSA9,SMR_VSA1,SMR_VSA10,SMR_VSA2,SMR_VSA3,SMR_VSA4,SMR_VSA5,SMR_VSA6,SMR_VSA7,SMR_VSA8,SMR_VSA9,SlogP_VSA1,SlogP_VSA10,SlogP_VSA11,SlogP_VSA12,SlogP_VSA2,SlogP_VSA3,SlogP_VSA4,SlogP_VSA5,SlogP_VSA6,SlogP_VSA7,SlogP_VSA8,SlogP_VSA9,TPSA,EState_VSA1,EState_VSA10,EState_VSA11,EState_VSA2,EState_VSA3,EState_VSA4,EState_VSA5,EState_VSA6,EState_VSA7,EState_VSA8,EState_VSA9,VSA_EState1,VSA_EState10,VSA_EState2,VSA_EState3,VSA_EState4,VSA_EState5,VSA_EState6,VSA_EState7,VSA_EState8,VSA_EState9,FractionCSP3,HeavyAtomCount,NHOHCount,NOCount,NumAliphaticCarbocycles,NumAliphaticHeterocycles,NumAliphaticRings,NumAromaticCarbocycles,NumAromaticHeterocycles,NumAromaticRings,NumHAcceptors,NumHDonors,NumHeteroatoms,NumRotatableBonds,NumSaturatedCarbocycles,NumSaturatedHeterocycles,NumSaturatedRings,RingCount,MolLogP,MolMR,fr_Al_COO,fr_Al_OH,fr_Al_OH_noTert,fr_ArN,fr_Ar_COO,fr_Ar_N,fr_Ar_NH,fr_Ar_OH,fr_COO,fr_COO2,fr_C_O,fr_C_O_noCOO,fr_C_S,fr_HOCCN,fr_Imine,fr_NH0,fr_NH1,fr_NH2,fr_N_O,fr_Ndealkylation1,fr_Ndealkylation2,fr_Nhpyrrole,fr_SH,fr_aldehyde,fr_alkyl_carbamate,fr_alkyl_halide,fr_allylic_oxid,fr_amide,fr_amidine,fr_aniline,fr_aryl_methyl,fr_azide,fr_azo,fr_barbitur,fr_benzene,fr_benzodiazepine,fr_bicyclic,fr_diazo,fr_dihydropyridine,fr_epoxide,fr_ester,fr_ether,fr_furan,fr_guanido,fr_halogen,fr_hdrzine,fr_hdrzone,fr_imidazole,fr_imide,fr_isocyan,fr_isothiocyan,fr_ketone,fr_ketone_Topliss,fr_lactam,fr_lactone,fr_methoxy,fr_morpholine,fr_nitrile,fr_nitro,fr_nitro_arom,fr_nitro_arom_nonortho,fr_nitroso,fr_oxazole,fr_oxime,fr_para_hydroxylation,fr_phenol,fr_phenol_noOrthoHbond,fr_phos_acid,fr_phos_ester,fr_piperdine,fr_piperzine,fr_priamide,fr_prisulfonamd,fr_pyridine,fr_quatN,fr_sulfide,fr_sulfonamd,fr_sulfone,fr_term_acetylene,fr_tetrazole,fr_thiazole,fr_thiocyan,fr_thiophene,fr_unbrch_alkane,fr_urea
alkyne_1,C#Cc1ccccc1,-0.0217,0.3341,0.077,0.0849,0.0806,52.6712,0.2495,-0.003,1.061,3.221,0.0,1.909,9.401,0.0107,15.6827,2.0,0.6145,-0.1,0.108,0.119,0.113,-0.011,0.0109,0.012,0.0114,1.1009,0.9083,-0.0001,-0.0078,0.1375,0.1515,0.1439,33.882,2.28,,,0.0,0.011,0.0,-0.0101,0.7548,0.0421,0.0571,0.0492,13.4803,0.4448,-0.001,1.109,2.9450000000000003,0.0,1.981,9.086,0.0048,21.6752,0.0,0.127,-0.023,0.059,0.08,0.069,-0.021,0.006,0.0081,0.007,1.35,0.7407,-0.0001,-0.015,0.0751,0.1019,0.0879,31.656,2.433,,,0.0,0.005,0.0,-0.0101,0.7548,0.077,0.0849,0.0806,52.6712,0.4448,-0.001,1.109,3.221,0.0,1.981,9.401,0.0107,21.6752,2.0,0.6145,-0.023,0.108,0.119,0.113,-0.011,0.0109,0.012,0.0114,1.35,0.9083,-0.0001,-0.0078,0.1375,0.1515,0.1439,33.882,2.433,,,0.0,0.011,0.0,-0.0217,0.3341,0.0421,0.0571,0.0492,13.4803,0.2495,-0.003,1.061,2.9450000000000003,0.0,1.909,9.086,0.0048,15.6827,0.0,0.127,-0.1,0.059,0.08,0.069,-0.021,0.006,0.0081,0.007,1.1009,0.7407,-0.0001,-0.015,0.0751,0.1019,0.0879,31.656,2.28,,,0.0,0.005,0.0,10.0863,-9.2476,0.8387,8.7178,-1.1966,0.3598,0,279.1032,-1.4207,-0.4507,-8.5768,85.7558,0.0604,9.9144,0.1009,3.7606,0.7132000000000001,1.2734,14.5466,2.6731,92.3776,3.9756,-10.5646,-6.589,0.249,-20.0978,2797.8999,71022.966,164.7441,144.2539,-3.7606,0.3315,7.8527,0.6293000000000001,-6.2392,0.6293000000000001,1.9098,9.431,0.7586,-7.5212,4.8492,0.005,1.8194,0.9337,-0.2969,-1.3512,0.6782,5.235,2,0,7.380324074074075,7.380324074074075,0.133333333333333,-0.448582766439909,0.436944419952392,17.5,102.13599999999995,96.08799999999998,102.046950192,38,0,0.124224204442022,-0.114665305360135,0.124224204442022,0.114665305360135,1.5,2.25,2.875,2.18549104628774,3.650007211425898,410.3654432616588,10.87831517751085,10.0,4.0,6.50210641759854,5.0,2.0,1.125,1.125,0.625,0.625,0.3125,0.3125,-1.22,1158.3102545325023,1.38683139000933,2.181847727678246,0.8859770341581861,57.590335741156345,0.0,1.37075855617022,0,0,0,0,0,0,0,6.399401534821945,24.04769044184553,12.08483741532659,5.563451491696996,6.853792780851101,8.224551337021321,0.0,0,0,0.0,0.0,0.0,35.77554503001347,0,12.319835853677588,0.0,0,0,0.0,0.0,0.0,12.319835853677588,13.788002828718314,30.212093538316477,0.0,0,0,0.0,18.127256122989884,0,0,17.648288907023584,0,0,0.0,6.399401534821945,0.0,5.920434318855644,8.224551337021321,43.223214285714285,0.0,0,0.0,-0.133333333333333,2.171296296296296,-2.032842025699167,1.77166477702192,0.0,0,0.0,8,0,0,0,0,0,1,0,1,0,0,0,0,0,0,0,1,1.6679,34.377,0,0,0,0,0,0,0,0,0,0,0,0,0,0,0,0,0,0,0,0,0,0,0,0,0,0,0,0,0,0,0,0,0,0,1,0,0,0,0,0,0,0,0,0,0,0,0,0,0,0,0,0,0,0,0,0,0,0,0,0,0,0,0,0,0,0,0,0,0,0,0,0,0,0,0,0,0,0,1,0,0,0,0,0,0
alkyne_2,C#Cc1ccc(C)cc1,-0.0241,0.3343,0.0678,0.0671,0.0671,52.7112,0.2493,-0.003,1.061,3.217,0.0,1.909,9.411,0.0108,15.7508,0.0,0.1686,-0.103,0.105,0.104,0.104,0.001,0.0111,0.011,0.011,0.991,1.0091,0.0,0.0006,0.1446,0.1432,0.1432,33.955,2.28,,,0.0,0.011,0.0,-0.0116,0.7513000000000001,0.0368,0.042,0.0394,13.6003,0.4446,-0.001,1.108,2.9450000000000003,0.0,1.981,9.089,0.0045,21.6952,2.0,0.426,-0.023,0.057,0.065,0.061,-0.008,0.006,0.0069,0.0064,1.15,0.8696,0.0,-0.0052,0.0785,0.0895,0.084,31.674,2.434,,,0.0,0.004,0.0,-0.0116,0.7513000000000001,0.0678,0.0671,0.0671,52.7112,0.4446,-0.001,1.108,3.217,0.0,1.981,9.411,0.0108,21.6952,2.0,0.426,-0.023,0.105,0.104,0.104,0.001,0.0111,0.011,0.011,1.15,1.0091,0.0,0.0006,0.1446,0.1432,0.1432,33.955,2.434,,,0.0,0.011,0.0,-0.0241,0.3343,0.0368,0.042,0.0394,13.6003,0.2493,-0.003,1.061,2.9450000000000003,0.0,1.909,9.089,0.0045,15.7508,0.0,0.1686,-0.103,0.057,0.065,0.061,-0.008,0.006,0.0069,0.0064,0.991,0.8696,0.0,-0.0052,0.0785,0.0895,0.084,31.674,2.28,,,0.0,0.004,0.0,9.9599,-9.0583,0.9016,8.2329,-1.2386,0.8715,0,307.9732,-1.7174,-0.5637,-8.3864,97.2837,0.0638,9.4715,0.1056,3.4972,0.6456000000000001,1.3767,13.577,2.8209,90.1966,3.8919,-10.3323,-6.4404,0.897,-23.2688,3679.7285,91473.709,189.4446,168.8714,-3.4972,0.2693,7.2636,0.6192000000000001,-5.865,0.6192000000000001,1.8842,8.8785,0.7385,-6.9943,4.7018,0.0055,1.7894,0.8653000000000001,-0.462,-1.3699,0.6782,5.523,2,0,7.530324074074074,7.530324074074074,0.26111111111111,-2.715585435563114,0.454508168389736,21.77777777777778,116.16299999999994,108.09899999999998,116.062600256,44,0,0.124224204451556,-0.114665302800645,0.124224204451556,0.114665302800645,1.666666666666666,2.444444444444444,3.0,2.197228064228111,3.748911614513392,487.50833320897,13.37831517751085,12.5,4.5,7.713431283003727,6.25,2.25,1.375,1.375,0.75,0.75,0.375,0.375,-1.22,3438.661920516994,1.436233283696453,2.368141568494611,1.33305468451506,66.76521885588856,0.0,1.37075855617022,0,0,0,0,0,0,0,6.399401534821945,23.56872322587923,18.93672953262227,9.675727160207655,5.483034224680881,10.96606844936176,0.0,0,0,0.0,6.851892117295679,0.0,35.29657781404717,0,12.319835853677588,0.0,0,0,0.0,0.0,0.0,19.17172797097327,22.09297143275575,24.16967483065318,0.0,0,0,0.0,36.58501843964585,0,0,5.563451491696996,0,0,0.0,6.399401534821945,0.0,5.920434318855644,10.96606844936176,58.327656722411184,0.0,0,0.0,-0.883304988662131,2.122401738473167,-2.332175925925924,1.731007889266818,-2.715585435563114,0,0.111111111111111,9,0,0,0,0,0,1,0,1,0,0,0,1,0,0,0,1,1.97632,39.11400000000001,0,0,0,0,0,0,0,0,0,0,0,0,0,0,0,0,0,0,0,0,0,0,0,0,0,0,0,0,0,0,0,0,0,0,1,0,0,0,0,0,0,0,0,0,0,0,0,0,0,0,0,0,0,0,0,0,0,0,0,0,0,0,0,0,0,0,0,0,0,0,0,0,0,0,0,0,0,0,1,0,0,0,0,0,0
alkyne_3,C#Cc1cccc(C)c1,-0.0219,0.3354,0.0703,0.0657,0.0677,52.6712,0.2497,-0.003,1.061,3.217,0.0,1.909,9.407,0.0103,15.9209,2.0,1.0566,-0.102,0.106,0.099,0.102,0.007,0.011,0.0103,0.0106,0.9364,1.068,0.0,0.0046,0.1425,0.1331,0.1371,33.93,2.281,,,0.0,0.01,0.0,-0.0093,0.7557,0.0385,0.0418,0.0398,13.3703,0.4453,-0.001,1.109,2.9450000000000003,0.0,1.981,9.086,0.0045,21.9244,0.0,0.1287,-0.023,0.058,0.063,0.06,-0.005,0.006,0.0065,0.0062,1.0833,0.9231,0.0,-0.0033,0.078,0.0847,0.0807,31.657,2.436,,,0.0,0.004,0.0,-0.0093,0.7557,0.0703,0.0657,0.0677,52.6712,0.4453,-0.001,1.109,3.217,0.0,1.981,9.407,0.0103,21.9244,2.0,1.0566,-0.023,0.106,0.099,0.102,0.007,0.011,0.0103,0.0106,1.0833,1.068,0.0,0.0046,0.1425,0.1331,0.1371,33.93,2.436,,,0.0,0.01,0.0,-0.0219,0.3354,0.0385,0.0418,0.0398,13.3703,0.2497,-0.003,1.061,2.9450000000000003,0.0,1.909,9.086,0.0045,15.9209,0.0,0.1287,-0.102,0.058,0.063,0.06,-0.005,0.006,0.0065,0.0062,0.9364,0.9231,0.0,-0.0033,0.078,0.0847,0.0807,31.657,2.281,,,0.0,0.004,0.0,10.0824,-9.2139,0.8685,8.3998,-1.2447,0.6946,0,308.0632,-1.6931,-0.5635,-8.4559,97.2862,0.0624,9.6445,0.1037,3.5776,0.6636000000000001,1.3446,13.7669,2.7584,92.1,3.9685,-10.4402,-6.4717,0.739,-23.2687,3679.9212,91475.3681,188.3465,167.3967,-3.5776,0.2821,7.4372,0.6209,-5.9887,0.6209,1.9083,9.0634,0.7419,-7.1551,4.6851,0.0052,1.8298,0.8916000000000001,-0.4335,-1.3743,0.6782,5.107,2,0,7.614699074074074,7.614699074074074,0.298958333333333,-2.712178760393046,0.454508168389736,21.77777777777778,116.16299999999994,108.09899999999998,116.062600256,44,0,0.124224205726216,-0.114665140058605,0.124224205726216,0.114665140058605,1.888888888888888,2.8888888888888893,3.666666666666666,2.194323122555714,3.786013475181468,516.75833320897,13.37831517751085,12.5,4.5,7.713431283003727,6.25,2.25,1.375,1.375,0.75,0.75,0.40625,0.40625,-1.22,3427.532717432025,1.436233283696453,2.368141568494611,1.33305468451506,66.76521885588856,0.0,1.37075855617022,0,0,0,0,0,0,0,6.399401534821945,18.005271734182234,24.500181024319264,9.675727160207655,5.483034224680881,10.96606844936176,0.0,0,0,0.0,6.851892117295679,0.0,35.29657781404717,0,12.319835853677588,0.0,0,0,0.0,0.0,0.0,19.17172797097327,22.09297143275575,24.16967483065318,0.0,0,0,0.0,36.58501843964585,0,0,5.563451491696996,0,0,0.0,6.399401534821945,0.0,5.920434318855644,10.96606844936176,58.34192649281936,0.0,0,0.0,-0.8996527777777771,2.112962962962963,-2.315828136810278,1.72277021919879,-2.712178760393046,0,0.111111111111111,9,0,0,0,0,0,1,0,1,0,0,0,1,0,0,0,1,1.97632,39.11400000000001,0,0,0,0,0,0,0,0,0,0,0,0,0,0,0,0,0,0,0,0,0,0,0,0,0,0,0,0,0,0,0,0,0,0,1,0,0,0,0,0,0,0,0,0,0,0,0,0,0,0,0,0,0,0,0,0,0,0,0,0,0,0,0,0,0,0,0,0,0,0,0,0,0,0,0,0,0,0,1,0,0,0,0,0,0
alkyne_4,C#Cc1ccccc1C,-0.025,0.3228,0.0698,0.0651,0.0671,47.0911,0.2741,-0.003,1.061,3.217,0.0,1.909,9.415,0.0108,16.7684,0.0,0.461,-0.104,0.105,0.098,0.101,0.007,0.0109,0.0102,0.0105,0.9358,1.0686,0.0,0.0047,0.1413,0.1319,0.1359,33.983,2.289,,,0.0,0.011,0.0,-0.0098,0.7559,0.0379,0.0386,0.0386,9.7302,0.4888,-0.001,1.108,2.942,0.0,1.982,9.079,0.0045,23.0022,2.0,1.2239,-0.021,0.057,0.058,0.058,-0.001,0.0059,0.006,0.006,1.0169,0.9833,0.0,-0.0007,0.0767,0.078,0.078,31.605,2.464,,,0.0,0.004,0.0,-0.0098,0.7559,0.0698,0.0651,0.0671,47.0911,0.4888,-0.001,1.108,3.217,0.0,1.982,9.415,0.0108,23.0022,2.0,1.2239,-0.021,0.105,0.098,0.101,0.007,0.0109,0.0102,0.0105,1.0169,1.0686,0.0,0.0047,0.1413,0.1319,0.1359,33.983,2.464,,,0.0,0.011,0.0,-0.025,0.3228,0.0379,0.0386,0.0386,9.7302,0.2741,-0.003,1.061,2.942,0.0,1.909,9.079,0.0045,16.7684,0.0,0.461,-0.104,0.057,0.058,0.058,-0.001,0.0059,0.006,0.006,0.9358,0.9833,0.0,-0.0007,0.0767,0.078,0.078,31.605,2.289,,,0.0,0.004,0.0,9.9663,-9.1257,0.8406,8.3722,-1.2271,0.4359,0,300.713,-1.5203,-0.534,-8.4449,97.2912,0.0642,9.5993,0.1042,3.5725,0.6648000000000001,1.3456,13.8459,2.7671,90.9274,3.914,-10.4019,-6.4879,0.455,-23.269,3680.3094,91477.3992,186.4473,166.9656,-3.5725,0.2865,7.4316,0.6222,-5.9724,0.6222,1.8919,9.037,0.7443000000000001,-7.1451,4.734,0.0054,1.7994,0.8852000000000001,-0.3543,-1.3102,0.6782,5.031,2,0,7.530324074074074,7.530324074074074,0.341666666666666,-2.698842592592592,0.454508168389736,21.77777777777778,116.16299999999994,108.09899999999998,116.062600256,44,0,0.124224371453469,-0.114655216495348,0.124224371453469,0.114655216495348,1.777777777777777,2.666666666666666,3.444444444444444,2.211606296167467,3.82981414585612,516.75833320897,13.37831517751085,12.5,4.5,7.713431283003727,6.25,2.25,1.375,1.375,0.8125,0.8125,0.40625,0.40625,-1.22,3487.703129056096,1.436233283696453,2.368141568494611,1.116335938153066,66.76521885588856,0.0,1.37075855617022,0,0,0,0,0,0,0,6.399401534821945,24.04769044184553,18.45776231665597,9.675727160207655,5.483034224680881,10.96606844936176,0.0,0,0,0.0,6.851892117295679,0.0,35.29657781404717,0,12.319835853677588,0.0,0,0,0.0,0.0,0.0,19.17172797097327,22.09297143275575,24.16967483065318,0.0,0,0,0.0,36.58501843964585,0,0,5.563451491696996,0,0,0.0,6.399401534821945,0.0,5.920434318855644,10.96606844936176,58.34532076719577,0.0,0,0.0,-0.8803240740740731,2.105671296296296,-2.335156840513983,1.713331443688586,-2.698842592592592,0,0.111111111111111,9,0,0,0,0,0,1,0,1,0,0,0,1,0,0,0,1,1.97632,39.11400000000001,0,0,0,0,0,0,0,0,0,0,0,0,0,0,0,0,0,0,0,0,0,0,0,0,0,0,0,0,0,0,0,0,0,0,1,0,0,0,0,0,0,0,0,0,0,0,0,0,0,0,0,0,0,0,0,0,0,0,0,0,0,0,0,0,0,0,0,0,0,0,0,0,0,0,0,0,0,0,1,0,0,0,0,0,0
alkyne_5,C#CCCc1ccccc1,-0.0464,0.3346,0.0202,0.04,0.0301,42.391,0.2901,-0.002,1.069,3.114,0.0,1.909,9.457,0.0033,17.5691,0.0,0.4258,-0.114,0.039,0.077,0.058,-0.038,0.0038,0.0075,0.0057,1.9737,0.5067,-0.0002,-0.0197,0.059,0.1165,0.0877,34.292,2.2880000000000003,,,0.0,0.003,0.0,0.0096,0.9705,0.0119,0.0291,0.0202,13.6703,0.4704,-0.001,1.103,2.935,0.0,1.966,9.094,0.0025,21.795,0.0144,1.2084,-0.024,0.023,0.056,0.039,-0.033,0.0023,0.0055,0.0038,2.3913,0.4182,-0.0001,-0.0171,0.0348,0.0847,0.059,31.714,2.406,,,0.0,0.002,0.0,0.0096,0.9705,0.0202,0.04,0.0301,42.391,0.4704,-0.001,1.103,3.114,0.0,1.966,9.457,0.0033,21.795,0.0144,1.2084,-0.024,0.039,0.077,0.058,-0.033,0.0038,0.0075,0.0057,2.3913,0.5067,-0.0001,-0.0171,0.059,0.1165,0.0877,34.292,2.406,,,0.0,0.003,0.0,-0.0464,0.3346,0.0119,0.0291,0.0202,13.6703,0.2901,-0.002,1.069,2.935,0.0,1.909,9.094,0.0025,17.5691,0.0,0.4258,-0.114,0.023,0.056,0.039,-0.038,0.0023,0.0055,0.0038,1.9737,0.4182,-0.0002,-0.0197,0.0348,0.0847,0.059,31.714,2.2880000000000003,,,0.0,0.002,0.0,11.3278,-9.5712,1.7566000000000002,8.3653,-1.8521,0.4217,0,325.4728,-1.8411,-0.5567,-8.2658,108.9836,0.0406,10.2174,0.0979,3.2566,0.519,1.5129,13.421,2.4585,108.7907,4.6987,-10.6152,-5.9165,0.748,-26.4255,4695.4211,114666.5245,211.1494,192.7089,-3.2566,0.0965,6.6097,0.5687,-5.811,0.5687,2.3711,8.8843,0.6375000000000001,-6.5132,4.6831,0.0044,2.1748,0.7731,-0.6547000000000001,-1.3078,0.6782,3.731,2,0,7.756712962962963,7.756712962962963,0.688252839716133,-2.963773148148147,0.538513902236294,25.2,130.18999999999997,120.10999999999996,130.07825032,50,0,0.123824948307336,-0.120097479430181,0.123824948307336,0.120097479430181,1.6,2.4,3.1,2.333617527097098,3.740471246384728,577.6850423607634,15.878315177510853,15.0,5.0,8.986086652322765,7.5,2.5,1.375,1.375,0.75,0.75,0.40625,0.40625,-1.22,12718.215522679186,1.506824018028378,3.739050020700816,1.949161609659886,75.94010197062077,0.0,1.37075855617022,0,0,0,0,0,0,0,12.319835853677588,30.212093538316477,11.936376393026377,11.85595912601026,6.853792780851101,13.7075855617022,0.0,0,0,0.0,12.74584980265876,0.0,35.77554503001347,0,12.319835853677588,0.0,0,0,0.0,0.0,6.372924901329379,12.319835853677588,25.64396195472857,30.212093538316477,0.0,0,0,0.0,48.52139483267223,0,0,0.0,0,0,6.399401534821945,5.920434318855644,0.0,0.0,13.7075855617022,74.77653153082221,0.0,0,0.0,-0.809027777777777,1.70761644935752,-3.834246792852942,-4.340873409549004,0.0,0,0.2,10,0,0,0,0,0,1,0,1,0,0,0,2,0,0,0,1,2.2524,43.596000000000025,0,0,0,0,0,0,0,0,0,0,0,0,0,0,0,0,0,0,0,0,0,0,0,0,0,0,0,0,0,0,0,0,0,0,1,0,0,0,0,0,0,0,0,0,0,0,0,0,0,0,0,0,0,0,0,0,0,0,0,0,0,0,0,0,0,0,0,0,0,0,0,0,0,0,0,0,0,0,1,0,0,0,0,0,0
alkyne_6,C#CCc1ccccc1,-0.0452,0.3348,0.0308,0.0508,0.0411,51.7512,0.2563,-0.003,1.069,3.137,0.0,1.909,9.46,0.0039,16.1049,0.0,0.0272,-0.115,0.054,0.089,0.072,-0.035,0.0052,0.0086,0.0069,1.6538,0.6047,-0.0001,-0.02,0.0768,0.1266,0.1025,34.311,2.277,,,0.0,0.004,0.0,0.0087,0.9819,0.016,0.0406,0.028,12.7303,0.4406,-0.001,1.116,2.915,0.0,1.972,9.083,0.0031,22.0518,0.0103,0.8334,-0.021,0.028,0.071,0.049,-0.043,0.0027,0.0068,0.0047,2.5185,0.3971,-0.0002,-0.0246,0.0398,0.101,0.0697,31.633,2.397,,,0.0,0.003,0.0,0.0087,0.9819,0.0308,0.0508,0.0411,51.7512,0.4406,-0.001,1.116,3.137,0.0,1.972,9.46,0.0039,22.0518,0.0103,0.8334,-0.021,0.054,0.089,0.072,-0.035,0.0052,0.0086,0.0069,2.5185,0.6047,-0.0001,-0.02,0.0768,0.1266,0.1025,34.311,2.397,,,0.0,0.004,0.0,-0.0452,0.3348,0.016,0.0406,0.028,12.7303,0.2563,-0.003,1.069,2.915,0.0,1.909,9.083,0.0031,16.1049,0.0,0.0272,-0.115,0.028,0.071,0.049,-0.043,0.0027,0.0068,0.0047,1.6538,0.3971,-0.0002,-0.0246,0.0398,0.101,0.0697,31.633,2.277,,,0.0,0.003,0.0,11.4078,-9.8161,1.5917,8.6361,-1.7473,0.4089,0,307.1731,-1.8068,-0.5582,-8.3836,97.3108,0.0412,10.3834,0.0963,3.4444,0.5713,1.423,13.8811,2.4146,109.1073,4.7258,-10.7465,-6.0207,0.549,-23.2601,3680.5539,91512.8752,189.9449,168.9768,-3.4444,0.1387,7.0275,0.5817,-6.0403,0.5817,2.3186,9.2074,0.6634,-6.8888,4.7035,0.0042,2.1509,0.8298000000000001,-0.5581,-1.3687,0.6782,3.784,2,0,7.527893518518518,7.527893518518518,0.5386574074074061,-2.449189814814814,0.491165340927004,21.77777777777778,116.16299999999994,108.09899999999998,116.062600256,44,0,0.12383700585394,-0.119754607616169,0.12383700585394,0.119754607616169,1.666666666666666,2.444444444444444,3.111111111111111,2.231630462521853,3.700745541769486,493.0181082132969,13.378315177510853,12.5,4.5,7.736086652322765,6.25,2.25,1.25,1.25,0.6875,0.6875,0.375,0.375,-1.22,3659.87395853584,1.436233283696453,2.938301378676946,1.619600035128658,66.76521885588858,0.0,1.37075855617022,0,0,0,0,0,0,0,12.319835853677588,30.212093538316477,5.563451491696996,9.11444201366982,6.853792780851101,10.96606844936176,0.0,0,0,0.0,6.372924901329379,0.0,35.77554503001347,0,12.319835853677588,0.0,0,0,0.0,0.0,6.372924901329379,12.319835853677588,16.529519941058755,30.212093538316477,0.0,0,0,0.0,42.14846993134285,0,0,0.0,0,0,0.0,6.399401534821945,5.920434318855644,0.0,10.96606844936176,58.84264573885109,0.0,0,0.0,-0.5386574074074061,1.875831443688586,-3.084079743008313,-0.8457400321239601,0.0,0,0.111111111111111,9,0,0,0,0,0,1,0,1,0,0,0,1,0,0,0,1,1.8623,38.97900000000002,0,0,0,0,0,0,0,0,0,0,0,0,0,0,0,0,0,0,0,0,0,0,0,0,0,0,0,0,0,0,0,0,0,0,1,0,0,0,0,0,0,0,0,0,0,0,0,0,0,0,0,0,0,0,0,0,0,0,0,0,0,0,0,0,0,0,0,0,0,0,0,0,0,0,0,0,0,0,1,0,0,0,0,0,0
alkyne_7,C#Cc1ccc(CC)cc1,-0.0223,0.3339,0.0681,0.0662,0.0668,52.6512,0.2492,-0.003,1.062,3.211,0.0,1.909,9.41,0.0108,15.9302,0.0,0.1531,-0.103,0.104,0.101,0.102,0.003,0.011,0.0107,0.0108,0.9727,1.028,0.0,0.002,0.1423,0.1382,0.1396,33.95,2.281,,,0.0,0.011,0.0,-0.0117,0.7533000000000001,0.0367,0.0413,0.0393,13.5203,0.4446,-0.001,1.109,2.943,0.0,1.981,9.089,0.0045,21.8145,2.0,0.7523000000000001,-0.023,0.056,0.063,0.06,-0.007,0.0059,0.0067,0.0064,1.1356,0.8806,0.0,-0.0046,0.0766,0.0862,0.0821,31.673,2.435,,,0.0,0.004,0.0,-0.0117,0.7533000000000001,0.0681,0.0662,0.0668,52.6512,0.4446,-0.001,1.109,3.211,0.0,1.981,9.41,0.0108,21.8145,2.0,0.7523000000000001,-0.023,0.104,0.101,0.102,0.003,0.011,0.0107,0.0108,1.1356,1.028,0.0,0.002,0.1423,0.1382,0.1396,33.95,2.435,,,0.0,0.011,0.0,-0.0223,0.3339,0.0367,0.0413,0.0393,13.5203,0.2492,-0.003,1.062,2.943,0.0,1.909,9.089,0.0045,15.9302,0.0,0.1531,-0.103,0.056,0.063,0.06,-0.007,0.0059,0.0067,0.0064,0.9727,0.8806,0.0,-0.0046,0.0766,0.0862,0.0821,31.673,2.281,,,0.0,0.004,0.0,9.9244,-9.1188,0.8056000000000001,8.2183,-1.1951,0.7718,0,335.3231,-1.6417000000000002,-0.5386000000000001,-8.4056,108.991,0.0649,9.4134,0.1062,3.5116,0.655,1.3683,13.2856,2.9213,90.2377,3.8936,-10.3524,-6.4588,0.8220000000000001,-26.4333,4697.5278,114642.7862,214.1476,193.2276,-3.5116,0.285,7.3082,0.623,-5.8649,0.623,1.8501,8.8733,0.7461,-7.0232,4.5919,0.0055,1.8089,0.8871,-0.3935,-1.3878,0.6782,5.523,2,0,7.677893518518518,7.677893518518518,0.361026077097505,-3.138791454081633,0.511258345453197,25.2,130.18999999999997,120.10999999999996,130.07825032,50,0,0.124224204451574,-0.114665302790423,0.124224204451574,0.114665302790423,1.8,2.6,3.2,2.305156208207615,3.800741144415876,572.1752673564365,15.87831517751085,15.0,5.0,8.963431283003729,7.5,2.5,1.5,1.5,0.875,0.875,0.4375,0.4375,-1.22,12044.441187884788,1.506824018028378,3.07752410324899,1.38683139000933,75.94010197062077,0.0,1.37075855617022,0,0,0,0,0,0,0,6.399401534821945,24.857163851477917,24.021213808352964,12.417244272548094,5.483034224680881,13.7075855617022,0.0,0,0,0.0,13.22481701862506,0.0,35.29657781404717,0,12.319835853677588,0.0,0,0,0.0,0.0,6.372924901329379,12.319835853677588,31.686380662391866,24.16967483065318,0.0,0,0,0.0,42.957943340975234,0,0,5.563451491696996,0,0,0.0,6.399401534821945,0.0,5.920434318855644,13.7075855617022,73.9986577617158,0.0,0,0.0,-1.191553287981859,2.081744850718065,-2.91898148148148,-1.331076388888888,-3.138791454081633,0,0.2,10,0,0,0,0,0,1,0,1,0,0,0,2,0,0,0,1,2.230299999999999,43.75500000000002,0,0,0,0,0,0,0,0,0,0,0,0,0,0,0,0,0,0,0,0,0,0,0,0,0,0,0,0,0,0,0,0,0,0,1,0,0,0,0,0,0,0,0,0,0,0,0,0,0,0,0,0,0,0,0,0,0,0,0,0,0,0,0,0,0,0,0,0,0,0,0,0,0,0,0,0,0,0,1,0,0,0,0,0,0
alkyne_8,C#Cc1ccc(CCC)cc1,-0.0217,0.3337,0.0663,0.0599,0.0631,52.7112,0.2492,-0.003,1.062,3.211,0.0,1.909,9.411,0.0108,15.8685,0.0,0.0956,-0.103,0.103,0.093,0.098,0.01,0.0111,0.01,0.0106,0.9009,1.11,0.0001,0.0064,0.1432,0.1293,0.1362,33.955,2.281,,,0.0,0.011,0.0,-0.0119,0.7536,0.0361,0.0374,0.0367,13.4703,0.4444,-0.001,1.108,2.943,0.0,1.981,9.089,0.0045,22.1329,2.0,0.8255,-0.023,0.056,0.058,0.057,-0.002,0.006,0.0062,0.0061,1.0333,0.9677,0.0,-0.0013,0.0778,0.0806,0.0792,31.677,2.436,,,0.0,0.004,0.0,-0.0119,0.7536,0.0663,0.0599,0.0631,52.7112,0.4444,-0.001,1.108,3.211,0.0,1.981,9.411,0.0108,22.1329,2.0,0.8255,-0.023,0.103,0.093,0.098,0.01,0.0111,0.01,0.0106,1.0333,1.11,0.0001,0.0064,0.1432,0.1293,0.1362,33.955,2.436,,,0.0,0.011,0.0,-0.0217,0.3337,0.0361,0.0374,0.0367,13.4703,0.2492,-0.003,1.062,2.943,0.0,1.909,9.089,0.0045,15.8685,0.0,0.0956,-0.103,0.056,0.058,0.057,-0.002,0.006,0.0062,0.0061,0.9009,0.9677,0.0,-0.0013,0.0778,0.0806,0.0792,31.677,2.281,,,0.0,0.004,0.0,9.9189,-9.1411,0.7778,8.0984,-1.1829,0.7405,0,357.453,-1.6726,-0.5488000000000001,-8.3951,120.6593,0.0665,9.2813,0.1077,3.4577,0.6441,1.39,12.8464,2.9638,89.924,3.8798,-10.335,-6.4552,0.837,-29.5983,5836.3207,140408.1121,234.9506,216.4413,-3.4577,0.2788,7.1943,0.6226,-5.7781,0.6226,1.827,8.7425,0.7451,-6.9155,4.4474,0.0056,1.8264,0.8856,-0.404,-1.398,0.6782,5.537,2,0,7.824920871126228,7.824920871126228,0.440745464852607,-3.451291454081634,0.5596025513193791,28.0,144.2170000000001,132.12099999999998,144.093900384,56,0,0.124224204451574,-0.114665302790405,0.124224204451574,0.114665302790405,1.727272727272727,2.545454545454545,3.181818181818181,2.396250599223413,3.838079194877204,658.6694306938575,18.37831517751085,17.5,5.5,10.213431283003729,8.75,2.75,1.625,1.625,0.9375,0.9375,0.5,0.5,-1.22,41311.36033061166,1.589322880697786,3.829685663306631,2.125472393258355,85.11498508535297,0.0,1.37075855617022,0,0,0,0,0,0,0,6.399401534821945,31.23008875280729,24.021213808352964,15.158761384888534,5.483034224680881,16.44910267404264,0.0,0,0,0.0,19.59774191995444,0.0,35.29657781404717,0,12.319835853677588,0.0,0,0,0.0,0.0,6.372924901329379,12.319835853677588,40.800822676061706,24.16967483065318,0.0,0,0,0.0,54.894319734001606,0,0,0.0,0,0,0.0,6.399401534821945,5.920434318855644,0.0,16.44910267404264,90.00051630605945,0.0,0,0.0,-1.43689767573696,2.047746008125472,-3.374366969009824,-5.09752988000756,-3.389467789430587,0,0.272727272727272,11,0,0,0,0,0,1,0,1,0,0,0,3,0,0,0,1,2.620400000000001,48.37200000000003,0,0,0,0,0,0,0,0,0,0,0,0,0,0,0,0,0,0,0,0,0,0,0,0,0,0,0,0,0,0,0,0,0,0,1,0,0,0,0,0,0,0,0,0,0,0,0,0,0,0,0,0,0,0,0,0,0,0,0,0,0,0,0,0,0,0,0,0,0,0,0,0,0,0,0,0,0,0,1,0,0,0,0,0,0
alkyne_9,C#Cc1cc(C)cc(C)c1,-0.0223,0.3364,0.0652,0.0558,0.0608,52.7512,0.2497,-0.003,1.062,3.214,0.0,1.909,9.413,0.0101,16.0096,0.0,0.451,-0.104,0.104,0.089,0.097,0.015,0.011,0.0094,0.0103,0.8545,1.1702,0.0001,0.0094,0.1458,0.1248,0.136,33.974,2.282,,,0.0,0.01,0.0,-0.0088,0.7564000000000001,0.0357,0.0332,0.0345,13.4303,0.4452,-0.001,1.108,2.9450000000000003,0.0,1.982,9.086,0.0042,22.2315,2.0,0.93,-0.023,0.057,0.053,0.055,0.004,0.006,0.0056,0.0058,0.9333,1.0714,0.0,0.0025,0.0799,0.0743,0.0771,31.654,2.44,,,0.0,0.004,0.0,-0.0088,0.7564000000000001,0.0652,0.0558,0.0608,52.7512,0.4452,-0.001,1.108,3.214,0.0,1.982,9.413,0.0101,22.2315,2.0,0.93,-0.023,0.104,0.089,0.097,0.015,0.011,0.0094,0.0103,0.9333,1.1702,0.0001,0.0094,0.1458,0.1248,0.136,33.974,2.44,,,0.0,0.01,0.0,-0.0223,0.3364,0.0357,0.0332,0.0345,13.4303,0.2497,-0.003,1.062,2.9450000000000003,0.0,1.909,9.086,0.0042,16.0096,0.0,0.451,-0.104,0.057,0.053,0.055,0.004,0.006,0.0056,0.0058,0.8545,1.0714,0.0,0.0025,0.0799,0.0743,0.0771,31.654,2.282,,,0.0,0.004,0.0,10.0807,-9.1767,0.904,8.1727,-1.2853,0.8194,0,336.8032,-1.9051,-0.669,-8.3502,108.8234,0.0646,9.458,0.1057,3.4437,0.6269,1.4018000000000002,13.1985,2.8414,91.8538,3.968,-10.3342,-6.3662,0.879,-26.4395,4683.62,114528.3619,213.6465,192.7974,-3.4437,0.2463,7.1337,0.6141,-5.8082,0.6141,1.9122,8.7996,0.7282000000000001,-6.8874,4.5762,0.0054,1.8444,0.8609,-0.5276000000000001,-1.3866,0.6782,5.076,2,0,7.718865740740741,7.718865740740741,0.464583333333332,-2.874678760393046,0.472531152924673,25.2,130.18999999999997,120.10999999999996,130.07825032,50,0,0.12422420701047,-0.11466497474857,0.12422420701047,0.11466497474857,1.5,2.2,2.7,2.193321677556652,3.979267176999762,554.6654923521096,15.87831517751085,15.0,5.0,8.924756148408916,7.5,2.5,1.625,1.625,0.875,0.875,0.53125,0.53125,-1.22,10071.733143340149,1.506824018028378,2.577201668391362,1.38683139000933,75.94010197062077,0.0,1.37075855617022,0,0,0,0,0,0,0,6.399401534821945,11.96285302651894,36.91552463331194,13.788002828718314,4.11227566851066,13.7075855617022,0.0,0,0,0.0,13.70378423459136,0.0,34.81761059808087,0,12.319835853677588,0.0,0,0,0.0,0.0,0.0,26.02362008826895,30.397940036793184,18.127256122989884,0.0,0,0,0.0,48.52139483267223,0,0,0.0,0,0,0.0,6.399401534821945,0.0,5.920434318855644,13.7075855617022,73.78563869992442,0.0,0,0.0,-1.99722222222222,2.054629629629629,-2.26756424792139,1.6738756613756611,-5.749357520786092,0,0.2,10,0,0,0,0,0,1,0,1,0,0,0,2,0,0,0,1,2.28474,43.85100000000002,0,0,0,0,0,0,0,0,0,0,0,0,0,0,0,0,0,0,0,0,0,0,0,0,0,0,0,0,0,0,0,0,0,0,1,0,0,0,0,0,0,0,0,0,0,0,0,0,0,0,0,0,0,0,0,0,0,0,0,0,0,0,0,0,0,0,0,0,0,0,0,0,0,0,0,0,0,0,1,0,0,0,0,0,0
alkyne_10,C#CC(C)c1ccccc1,-0.0394,0.3189,0.0262,0.0458,0.036,47.7111,0.2799,-0.003,1.07,3.124,0.0,1.909,9.455,0.0035,17.0795,2.0,0.6995,-0.114,0.048,0.084,0.066,-0.036,0.0047,0.0082,0.0064,1.7447,0.5732,-0.0002,-0.0196,0.0705,0.1234,0.0969,34.273,2.289,,,0.0,0.004,0.0,0.003,0.9427,0.0104,0.0306,0.0207,8.4402,0.4997,-0.001,1.118,2.912,0.0,1.978,9.091,0.0027,23.2118,0.0017,0.1932,-0.024,0.019,0.056,0.038,-0.037,0.0019,0.0055,0.0037,2.8947000000000003,0.3455,-0.0002,-0.0202,0.0279,0.0823,0.0558,31.689,2.458,,,0.0,0.003,0.0,0.003,0.9427,0.0262,0.0458,0.036,47.7111,0.4997,-0.001,1.118,3.124,0.0,1.978,9.455,0.0035,23.2118,2.0,0.6995,-0.024,0.048,0.084,0.066,-0.036,0.0047,0.0082,0.0064,2.8947000000000003,0.5732,-0.0002,-0.0196,0.0705,0.1234,0.0969,34.273,2.458,,,0.0,0.004,0.0,-0.0394,0.3189,0.0104,0.0306,0.0207,8.4402,0.2799,-0.003,1.07,2.912,0.0,1.909,9.091,0.0027,17.0795,0.0017,0.1932,-0.114,0.019,0.056,0.038,-0.037,0.0019,0.0055,0.0037,1.7447,0.3455,-0.0002,-0.0202,0.0279,0.0823,0.0558,31.689,2.289,,,0.0,0.003,0.0,11.415,-9.7797,1.6353,8.4667,-1.7787000000000002,0.5067,0,328.6629,-1.6268,-0.5313,-8.3379,109.0032,0.0413,10.2454,0.0976,3.344,0.5457000000000001,1.4689,13.539,2.4579,108.9953,4.6994,-10.6876,-5.9882,0.558,-26.426,4697.0111,114683.7279,211.4492,192.5791,-3.344,0.1196,6.8076,0.5764,-5.9053,0.5764,2.3244,9.0124,0.6528,-6.688,4.6544,0.0043,2.1549,0.8038000000000001,-0.4455,-1.3282,0.6782,3.699,2,0,7.934490740740741,7.934490740740741,0.684745842781556,-3.074331538170824,0.512018062728201,30.0,130.18999999999997,120.10999999999996,130.07825032,50,0,0.123847896828824,-0.119466538997187,0.123847896828824,0.119466538997187,1.8,2.6,3.2,2.329385787041013,3.885486591134897,576.1752673564365,15.878315177510853,15.0,5.0,8.986086652322765,7.5,2.5,1.5,1.5,0.875,0.875,0.4375,0.4375,-1.22,12555.389392151064,1.506824018028378,3.07752410324899,1.38683139000933,75.94010197062077,0.0,1.37075855617022,0,0,0,0,0,0,0,6.399401534821945,36.13252785717212,12.415343608992677,11.37699191004396,6.853792780851101,13.7075855617022,0.0,0,0,0.0,12.745849802658755,0.0,35.77554503001347,0,12.319835853677588,0.0,0,0,0.0,0.0,0.0,12.319835853677588,32.01688685605795,30.212093538316477,0.0,0,0,0.0,48.52139483267223,0,0,0.0,0,0,6.399401534821945,0.0,5.920434318855644,0.0,13.7075855617022,74.49223946523053,0.0,0,0.0,-0.74699074074074,-0.937941704459559,-3.770800264550263,1.537824782690854,-3.074331538170824,0,0.2,10,0,0,0,0,0,1,0,1,0,0,0,2,0,0,0,1,2.4233,43.690000000000026,0,0,0,0,0,0,0,0,0,0,0,0,0,0,0,0,0,0,0,0,0,0,0,0,0,0,0,0,0,0,0,0,0,0,1,0,0,0,0,0,0,0,0,0,0,0,0,0,0,0,0,0,0,0,0,0,0,0,0,0,0,0,0,0,0,0,0,0,0,0,0,0,0,0,0,0,0,0,1,0,0,0,0,0,0
alkyne_11,C#CCc1ccc(C)cc1,-0.0452,0.3354,0.027,0.0379,0.0322,51.7612,0.2564,-0.003,1.069,3.133,0.0,1.909,9.464,0.0033,16.1877,0.0,0.0099,-0.116,0.052,0.073,0.062,-0.021,0.0052,0.0073,0.0062,1.4038,0.7123,-0.0001,-0.0109,0.0794,0.1115,0.0947,34.337,2.278,,,0.0,0.003,0.0,0.0082,0.9813,0.014,0.0296,0.0218,12.8303,0.4404,-0.001,1.116,2.9130000000000003,0.0,1.972,9.084,0.0027,22.4224,0.0104,0.8272,-0.022,0.027,0.057,0.042,-0.03,0.0027,0.0057,0.0042,2.1111,0.4737,-0.0001,-0.0156,0.0412,0.087,0.0641,31.638,2.398,,,0.0,0.003,0.0,0.0082,0.9813,0.027,0.0379,0.0322,51.7612,0.4404,-0.001,1.116,3.133,0.0,1.972,9.464,0.0033,22.4224,0.0104,0.8272,-0.022,0.052,0.073,0.062,-0.021,0.0052,0.0073,0.0062,2.1111,0.7123,-0.0001,-0.0109,0.0794,0.1115,0.0947,34.337,2.398,,,0.0,0.003,0.0,-0.0452,0.3354,0.014,0.0296,0.0218,12.8303,0.2564,-0.003,1.069,2.9130000000000003,0.0,1.909,9.084,0.0027,16.1877,0.0,0.0099,-0.116,0.027,0.057,0.042,-0.03,0.0027,0.0057,0.0042,1.4038,0.4737,-0.0001,-0.0156,0.0412,0.087,0.0641,31.638,2.278,,,0.0,0.003,0.0,11.1931,-9.5513,1.6418,8.2245,-1.7802,0.7166,0,336.4531,-1.9886,-0.6655,-8.1829,108.8484,0.0429,10.0047,0.1,3.2222,0.5189,1.5271,13.1617,2.5384,105.8195,4.5638000000000005,-10.4648,-5.901,0.724,-26.4308,4684.3778,114569.7711,212.9471,191.7866,-3.2222,0.1039,6.5482,0.5721,-5.7233,0.5721,2.2991,8.7434,0.6441,-6.4443,4.6279,0.0046,2.1204,0.7698,-0.6179,-1.3834,0.6782,4.122,2,0,7.677893518518518,7.677893518518518,0.6664351851851841,-2.841158234126984,0.510961689840116,25.2,130.18999999999997,120.10999999999996,130.07825032,50,0,0.123837005853958,-0.119754607606157,0.123837005853958,0.119754607606157,1.8,2.6,3.2,2.241311559725861,3.817642162723915,572.1752673564365,15.878315177510853,15.0,5.0,8.947411517727952,7.5,2.5,1.5,1.5,0.8125,0.8125,0.4375,0.4375,-1.22,10870.361064670426,1.506824018028378,3.07752410324899,1.6322804903710062,75.94010197062077,0.0,1.37075855617022,0,0,0,0,0,0,0,12.319835853677588,29.733126322350174,12.415343608992677,13.226717682180478,5.483034224680881,13.7075855617022,0.0,0,0,0.0,13.22481701862506,0.0,35.29657781404717,0,12.319835853677588,0.0,0,0,0.0,0.0,6.372924901329379,19.17172797097327,24.83448854509619,24.16967483065318,0.0,0,0,0.0,48.52139483267223,0,0,0.0,0,0,0.0,6.399401534821945,5.920434318855644,0.0,13.7075855617022,74.18319042894936,0.0,0,0.0,-1.424877173091458,1.835174555933484,-3.247165532879817,-1.00516404478458,-2.841158234126984,0,0.2,10,0,0,0,0,0,1,0,1,0,0,0,2,0,0,0,1,2.17072,43.71600000000002,0,0,0,0,0,0,0,0,0,0,0,0,0,0,0,0,0,0,0,0,0,0,0,0,0,0,0,0,0,0,0,0,0,0,1,0,0,0,0,0,0,0,0,0,0,0,0,0,0,0,0,0,0,0,0,0,0,0,0,0,0,0,0,0,0,0,0,0,0,0,0,0,0,0,0,0,0,0,1,0,0,0,0,0,0
alkyne_12,C#CC(C)(C)c1ccccc1,-0.0378,0.3003,0.0214,0.0402,0.0308,44.891,0.3034,-0.002,1.073,3.108,0.0,1.909,9.453,0.0031,17.892,0.0,0.0955,-0.113,0.041,0.077,0.059,-0.036,0.004,0.0075,0.0058,1.875,0.5333,-0.0002,-0.0188,0.0618,0.1161,0.089,34.264,2.301,,,0.0,0.003,0.0,-0.0016,0.9141,0.0052,0.024,0.0146,0.93,0.5606,0.0,1.123,2.899,0.0,1.993,9.085,0.0024,26.7003,2.0,2.2956,-0.023,0.01,0.046,0.028,-0.036,0.001,0.0045,0.0027,4.5,0.2222,-0.0002,-0.0188,0.0151,0.0694,0.0422,31.645,2.531,,,0.0,0.002,0.0,-0.0016,0.9141,0.0214,0.0402,0.0308,44.891,0.5606,0.0,1.123,3.108,0.0,1.993,9.453,0.0031,26.7003,2.0,2.2956,-0.023,0.041,0.077,0.059,-0.036,0.004,0.0075,0.0058,4.5,0.5333,-0.0002,-0.0188,0.0618,0.1161,0.089,34.264,2.531,,,0.0,0.003,0.0,-0.0378,0.3003,0.0052,0.024,0.0146,0.93,0.3034,-0.002,1.073,2.899,0.0,1.909,9.085,0.0024,17.892,0.0,0.0955,-0.113,0.01,0.046,0.028,-0.036,0.001,0.0045,0.0027,1.875,0.2222,-0.0002,-0.0188,0.0151,0.0694,0.0422,31.645,2.301,,,0.0,0.002,0.0,11.4158,-9.7205,1.6953,8.3748,-1.8423,0.4234,0,344.9328,-1.5904,-0.5416000000000001,-8.308,120.6495,0.0409,10.2171,0.0979,3.2663,0.5221,1.5079,13.2864,2.4524,109.2059,4.708,-10.662,-5.954,0.601,-29.5912,5833.5294,140443.7402,227.8526,214.5463,-3.2663,0.0992,6.6317,0.5697,-5.8205,0.5697,2.3644,8.8969,0.6394000000000001,-6.5325,4.6031,0.0043,2.1941,0.7838,-0.4402,-1.2867,0.6782,3.655,2,0,7.827893518518518,7.827893518518518,0.7846608087679511,-3.360789871504159,0.5313459657375871,28.0,144.2170000000001,132.12099999999998,144.093900384,56,0,0.123858859826585,-0.11917719255594,0.123858859826585,0.11917719255594,1.545454545454545,2.272727272727273,2.818181818181818,2.391335814842143,4.176912065298477,641.1596556895306,18.37831517751085,17.5,5.5,10.236086652322763,8.75,2.75,1.875,1.875,1.0625,1.0625,0.5,0.5,-1.22,40365.74855453537,1.589322880697786,2.798693084990973,1.62083910422299,85.11498508535298,0.0,1.37075855617022,0,0,0,0,0,0,0,6.399401534821945,36.13252785717212,19.267235726288355,8.224551337021321,12.268783250247878,16.44910267404264,0.0,0,0,0.0,19.118774703988137,0.0,35.77554503001347,0,12.319835853677588,0.0,0,0,0.0,0.0,5.41499046939678,12.319835853677588,35.716338400331,30.212093538316477,0.0,0,0,0.0,54.894319734001606,0,0,0.0,0,0,6.399401534821945,5.920434318855644,0.0,0.0,16.44910267404264,90.71474985827663,0.0,0,0.0,-4.029513888888888,1.77166477702192,-4.457520786092212,1.4721997826908542,-6.721579743008318,0,0.272727272727272,11,0,0,0,0,0,1,0,1,0,0,0,3,0,0,0,1,2.5974,48.30100000000003,0,0,0,0,0,0,0,0,0,0,0,0,0,0,0,0,0,0,0,0,0,0,0,0,0,0,0,0,0,0,0,0,0,0,1,0,0,0,0,0,0,0,0,0,0,0,0,0,0,0,0,0,0,0,0,0,0,0,0,0,0,0,0,0,0,0,0,0,0,0,0,0,0,0,0,0,0,0,1,0,0,0,0,0,0
alkyne_13,C#Cc1ccccc1CC,-0.0225,0.319,0.0673,0.0563,0.0614,46.7911,0.275,-0.003,1.062,3.215,0.0,1.909,9.418,0.0107,17.1598,0.0,0.526,-0.105,0.104,0.087,0.095,0.017,0.011,0.0092,0.0101,0.8364,1.1957,0.0001,0.011,0.1432,0.1198,0.1308,34.008,2.292,,,0.0,0.011,0.0,-0.012,0.7632,0.0369,0.0304,0.0336,9.5102,0.4904,-0.001,1.109,2.943,0.0,1.982,9.088,0.0044,23.2137,2.0,1.5332,-0.023,0.057,0.047,0.052,0.01,0.006,0.005,0.0055,0.8333,1.2,0.0001,0.0065,0.0785,0.0647,0.0716,31.667,2.471,,,0.0,0.004,0.0,-0.012,0.7632,0.0673,0.0563,0.0614,46.7911,0.4904,-0.001,1.109,3.215,0.0,1.982,9.418,0.0107,23.2137,2.0,1.5332,-0.023,0.104,0.087,0.095,0.017,0.011,0.0092,0.0101,0.8364,1.2,0.0001,0.011,0.1432,0.1198,0.1308,34.008,2.471,,,0.0,0.011,0.0,-0.0225,0.319,0.0369,0.0304,0.0336,9.5102,0.275,-0.003,1.062,2.943,0.0,1.909,9.088,0.0044,17.1598,0.0,0.526,-0.105,0.057,0.047,0.052,0.01,0.006,0.005,0.0055,0.8333,1.1957,0.0001,0.0065,0.0785,0.0647,0.0716,31.667,2.292,,,0.0,0.004,0.0,9.9661,-9.1606,0.8055,8.2166,-1.2269,0.4978,0,326.7129,-1.5537,-0.5407000000000001,-8.417300000000001,108.9477,0.0659,9.4435,0.1059,3.4948,0.6467,1.377,13.2753,2.8042,90.5342,3.8986,-10.3666,-6.468,0.5640000000000001,-26.4314,4693.631,114615.6533,209.1492,190.7084,-3.4948,0.2723,7.262,0.6201,-5.8557,0.6201,1.8736,8.8633,0.7402000000000001,-6.9897,4.5449,0.0054,1.8239,0.8799,-0.3594,-1.3318,0.6782,4.977,2,0,7.677893518518518,7.677893518518518,0.507291666666666,-3.135237150415721,0.511258345453197,25.2,130.18999999999997,120.10999999999996,130.07825032,50,0,0.124224372826413,-0.114655040626904,0.124224372826413,0.114655040626904,1.9,2.8,3.6,2.316635929908593,3.904932812430841,601.4252673564366,15.87831517751085,15.0,5.0,8.963431283003727,7.5,2.5,1.5,1.5,0.9375,0.9375,0.5,0.5,-1.22,12187.821627249108,1.506824018028378,3.07752410324899,1.19285302314412,75.94010197062077,0.0,1.37075855617022,0,0,0,0,0,0,0,6.399401534821945,30.89958255914121,17.97879510068967,12.417244272548094,5.483034224680881,13.7075855617022,0.0,0,0,0.0,13.22481701862506,0.0,35.29657781404717,0,12.319835853677588,0.0,0,0,0.0,0.0,6.372924901329379,12.319835853677588,31.686380662391866,24.16967483065318,0.0,0,0,0.0,48.52139483267222,0,0,0.0,0,0,0.0,6.399401534821945,5.920434318855644,0.0,13.7075855617022,74.04533966364323,0.0,0,0.0,-1.254282407407406,2.047337962962963,-2.856252362055933,-1.346905706727135,-3.135237150415721,0,0.2,10,0,0,0,0,0,1,0,1,0,0,0,2,0,0,0,1,2.2303,43.75500000000002,0,0,0,0,0,0,0,0,0,0,0,0,0,0,0,0,0,0,0,0,0,0,0,0,0,0,0,0,0,0,0,0,0,0,1,0,0,0,0,0,0,0,0,0,0,0,0,0,0,0,0,0,0,0,0,0,0,0,0,0,0,0,0,0,0,0,0,0,0,0,0,0,0,0,0,0,0,0,1,0,0,0,0,0,0
alkyne_14,C#Cc1cccc(CC)c1,-0.0204,0.3348,0.0698,0.0639,0.0665,52.6212,0.2496,-0.003,1.062,3.213,0.0,1.909,9.407,0.0104,15.8914,0.0,0.0925,-0.102,0.105,0.096,0.1,0.009,0.011,0.01,0.0104,0.9091,1.1,0.0,0.006,0.1414,0.1292,0.1346,33.931,2.281,,,0.0,0.01,0.0,-0.0095,0.758,0.0379,0.0406,0.0392,13.4903,0.4454,-0.001,1.109,2.944,0.0,1.981,9.087,0.0045,22.1351,2.0,0.4018,-0.023,0.057,0.061,0.059,-0.004,0.006,0.0064,0.0062,1.0667,0.9375,0.0,-0.0027,0.0767,0.0821,0.0794,31.659,2.438,,,0.0,0.004,0.0,-0.0095,0.758,0.0698,0.0639,0.0665,52.6212,0.4454,-0.001,1.109,3.213,0.0,1.981,9.407,0.0104,22.1351,2.0,0.4018,-0.023,0.105,0.096,0.1,0.009,0.011,0.01,0.0104,1.0667,1.1,0.0,0.006,0.1414,0.1292,0.1346,33.931,2.438,,,0.0,0.01,0.0,-0.0204,0.3348,0.0379,0.0406,0.0392,13.4903,0.2496,-0.003,1.062,2.944,0.0,1.909,9.087,0.0045,15.8914,0.0,0.0925,-0.102,0.057,0.061,0.059,-0.004,0.006,0.0064,0.0062,0.9091,0.9375,0.0,-0.0027,0.0767,0.0821,0.0794,31.659,2.281,,,0.0,0.004,0.0,10.0774,-9.2622,0.8152,8.3605,-1.2204,0.6253000000000001,0,335.1231,-1.6286,-0.5402,-8.461,108.9921,0.0637,9.5809,0.1044,3.5701,0.6652,1.3462,13.3537,2.8311,92.0673,3.9682,-10.4451,-6.4769,0.686,-26.4332,4697.6255,114643.7769,214.0484,192.816,-3.5701,0.2881,7.4282,0.6226,-5.9653,0.6226,1.8856,9.0257,0.7452000000000001,-7.1401,4.5223,0.0051,1.8692,0.9098,-0.3745,-1.3921,0.6782,5.119,2,0,7.764699074074073,7.764699074074073,0.42673611111111,-3.13864382558579,0.511258345453197,25.2,130.18999999999997,120.10999999999996,130.07825032,50,0,0.124224205731324,-0.114665138690323,0.124224205731324,0.114665138690323,2.0,3.0,3.8,2.302839210529586,3.848961444077948,601.4252673564366,15.87831517751085,15.0,5.0,8.963431283003729,7.5,2.5,1.5,1.5,0.875,0.875,0.46875,0.46875,-1.22,12011.609322122322,1.506824018028378,3.07752410324899,1.38683139000933,75.94010197062077,0.0,1.37075855617022,0,0,0,0,0,0,0,6.399401534821945,24.857163851477917,24.021213808352964,12.417244272548094,5.483034224680881,13.7075855617022,0.0,0,0,0.0,13.22481701862506,0.0,35.29657781404717,0,12.319835853677588,0.0,0,0,0.0,0.0,6.372924901329379,12.319835853677588,31.686380662391866,24.16967483065318,0.0,0,0,0.0,48.52139483267222,0,0,0.0,0,0,0.0,6.399401534821945,0.0,5.920434318855644,13.7075855617022,74.02767561885865,0.0,0,0.0,-1.235763888888888,2.064068405139833,-2.87477088057445,-1.342565428949357,-3.13864382558579,0,0.2,10,0,0,0,0,0,1,0,1,0,0,0,2,0,0,0,1,2.230299999999999,43.75500000000002,0,0,0,0,0,0,0,0,0,0,0,0,0,0,0,0,0,0,0,0,0,0,0,0,0,0,0,0,0,0,0,0,0,0,1,0,0,0,0,0,0,0,0,0,0,0,0,0,0,0,0,0,0,0,0,0,0,0,0,0,0,0,0,0,0,0,0,0,0,0,0,0,0,0,0,0,0,0,1,0,0,0,0,0,0
alkyne_15,C#CCC#Cc1ccccc1,,,,,,,,,,,,,,,,,,,,,,,,,,,,,,,,,,,,,,,,,,,,,,,,,,,,,,,,,,,,,,,,,,,,,,,,,,,,,,,,,,,,,,,,,,,,,,,,,,,,,,,,,,,,,,,,,,,,,,,,,,,,,,,,,,,,,,,,,,,,,,,,,,,,,,,,,,,,,9.9684,-9.1295,0.8389000000000001,7.9565,-1.1721,0.2228,0,362.3641,-2.7217,-0.766,-8.38,115.2999,0.0717,9.1286,0.1095,3.3922,0.6303000000000001,1.4176,12.7749,3.3785,90.6674,3.8665,-10.3133,-6.4468,0.6900000000000001,-27.4813,5154.9885,131427.8389,225.2213,198.2786,-3.3922,0.27,7.0544,0.6216,-5.6744,0.6216,1.8024,8.5868,0.7432000000000001,-6.7844,4.6845,0.0062,1.7723,0.8599,-0.8594,-1.7745000000000002,0.6782,5.504,2,0,7.574573648904006,7.574573648904006,0.290133692365834,-2.273167635109598,0.483759792876097,18.545454545454547,140.18500000000006,132.12099999999998,140.062600256,52,0,0.12386077790821,-0.119089919918842,0.12386077790821,0.119089919918842,1.545454545454545,2.363636363636363,3.090909090909091,2.335387418812141,3.460688761026002,609.6150860619172,14.792528739883949,13.5,5.5,8.70921319878509,6.75,2.75,1.5,1.5,0.8125,0.8125,0.4375,0.4375,-1.659999999999999,9878.688781575356,2.16063193687815,4.202590679002877,2.606864496141392,78.49432847654101,0.0,1.37075855617022,0,0,0,0,0,0,0,6.399401534821945,35.88855907955681,12.08483741532659,5.563451491696996,15.968234794520916,10.96606844936176,0.0,0,0,0.0,6.372924901329379,0.0,35.77554503001347,0,24.16070449138888,0.0,0,0,0.0,0.0,0.0,24.16070449138888,22.90244484238813,30.212093538316477,0.0,0,0,0.0,36.58501843964585,0,0,5.563451491696996,0,0,0.0,6.399401534821945,5.920434318855644,11.840868637711289,10.96606844936176,58.606948446817,0.0,0,0.0,-0.290133692365834,6.154428461199295,-2.57810256046863,-0.6431406551818251,0.0,0,0.09090909090909,11,0,0,0,0,0,1,0,1,0,0,0,0,0,0,0,1,2.0614,46.77000000000002,0,0,0,0,0,0,0,0,0,0,0,0,0,0,0,0,0,0,0,0,0,0,0,0,0,0,0,0,0,0,0,0,0,0,1,0,0,0,0,0,0,0,0,0,0,0,0,0,0,0,0,0,0,0,0,0,0,0,0,0,0,0,0,0,0,0,0,0,0,0,0,0,0,0,0,0,0,0,1,0,0,0,0,0,0
alkyne_16,C#CCc1ccccc1C,-0.0431,0.3263,0.027,0.0381,0.0323,46.8611,0.2764,-0.003,1.07,3.132,0.0,1.909,9.47,0.0031,16.9008,0.0001,0.6395000000000001,-0.117,0.051,0.072,0.061,-0.021,0.005,0.0071,0.006,1.42,0.7042,-0.0001,-0.0111,0.0765,0.1081,0.0916,34.382,2.284,,,0.0,0.003,0.0,0.0074,0.9863,0.0138,0.027,0.0207,11.7903,0.4745,-0.001,1.117,2.91,0.0,1.971,9.08,0.0025,22.3562,0.0162,1.2254,-0.021,0.026,0.051,0.039,-0.025,0.0026,0.005,0.0038,1.9231,0.52,-0.0001,-0.0132,0.039,0.0765,0.0585,31.614,2.414,,,0.0,0.002,0.0,0.0074,0.9863,0.027,0.0381,0.0323,46.8611,0.4745,-0.001,1.117,3.132,0.0,1.971,9.47,0.0031,22.3562,0.0162,1.2254,-0.021,0.051,0.072,0.061,-0.021,0.005,0.0071,0.006,1.9231,0.7042,-0.0001,-0.0111,0.0765,0.1081,0.0916,34.382,2.414,,,0.0,0.003,0.0,-0.0431,0.3263,0.0138,0.027,0.0207,11.7903,0.2764,-0.003,1.07,2.91,0.0,1.909,9.08,0.0025,16.9008,0.0001,0.6395000000000001,-0.117,0.026,0.051,0.039,-0.025,0.0026,0.005,0.0038,1.42,0.52,-0.0001,-0.0132,0.039,0.0765,0.0585,31.614,2.284,,,0.0,0.002,0.0,11.1737,-9.5667,1.607,8.3477,-1.7936,0.4953,0,322.8231,-1.8994,-0.5986,-8.225,108.8469,0.0419,10.1413,0.0986,3.2771,0.5295,1.5009,13.4151,2.4835000000000003,107.3356,4.6314,-10.5407,-5.9093,0.728,-26.4308,4684.2898,114570.6364,206.0487,190.0883,-3.2771,0.1085,6.6626,0.5731,-5.8124,0.5731,2.3231,8.8772,0.6463,-6.5541,4.6723,0.0045,2.1362,0.7812,-0.6415000000000001,-1.3375,0.6782,3.471,2,0,7.677893518518518,7.677893518518518,0.741985544217686,-2.9278037603930462,0.510961689840116,25.2,130.18999999999997,120.10999999999996,130.07825032,50,0,0.12383700719795,-0.119754435248615,0.12383700719795,0.119754435248615,1.9,2.8,3.6,2.283727687839507,3.951297081651622,601.4252673564366,15.878315177510853,15.0,5.0,8.947411517727952,7.5,2.5,1.5,1.5,0.875,0.875,0.46875,0.46875,-1.22,11295.317144054205,1.506824018028378,3.07752410324899,1.38683139000933,75.94010197062077,0.0,1.37075855617022,0,0,0,0,0,0,0,12.319835853677588,24.16967483065318,17.97879510068967,13.226717682180478,5.483034224680881,13.7075855617022,0.0,0,0,0.0,13.22481701862506,0.0,35.29657781404717,0,12.319835853677588,0.0,0,0,0.0,0.0,6.372924901329379,19.17172797097327,24.83448854509619,24.16967483065318,0.0,0,0,0.0,48.52139483267223,0,0,0.0,0,0,0.0,6.399401534821945,5.920434318855644,0.0,13.7075855617022,74.39260794595614,0.0,0,0.0,-1.556018518518517,1.817498110355253,-3.116024187452757,-1.110259589947089,-2.9278037603930462,0,0.2,10,0,0,0,0,0,1,0,1,0,0,0,2,0,0,0,1,2.17072,43.71600000000003,0,0,0,0,0,0,0,0,0,0,0,0,0,0,0,0,0,0,0,0,0,0,0,0,0,0,0,0,0,0,0,0,0,0,1,0,0,0,0,0,0,0,0,0,0,0,0,0,0,0,0,0,0,0,0,0,0,0,0,0,0,0,0,0,0,0,0,0,0,0,0,0,0,0,0,0,0,0,1,0,0,0,0,0,0
alkyne_17,C#CCN,-0.0481,0.3654,0.0298,0.0173,0.0235,52.7612,0.2379,-0.003,1.035,3.367,0.0,1.909,9.424,0.0018,14.6852,0.0,0.7233,-0.106,0.203,0.118,0.16,0.085,0.0148,0.0086,0.0116,0.5811000000000001,1.7209,0.0001,0.0125,0.4704,0.2734,0.3707,34.054,2.26,,,0.0,0.002,0.0,0.0091,0.926,0.0326,0.011,0.0217,17.0504,0.3858,-0.001,1.055,3.163,0.0,1.967,9.098,0.0017,18.6378,0.0157,1.5013,-0.025,0.222,0.075,0.148,0.147,0.0161,0.0055,0.0108,0.3416,2.9273,0.0002,0.0216,0.5144000000000001,0.1738,0.3429,31.74,2.346,,,0.0,0.002,0.0,0.0091,0.926,0.0326,0.0173,0.0235,52.7612,0.3858,-0.001,1.055,3.367,0.0,1.967,9.424,0.0018,18.6378,0.0157,1.5013,-0.025,0.222,0.118,0.16,0.147,0.0161,0.0086,0.0116,0.5811000000000001,2.9273,0.0002,0.0216,0.5144000000000001,0.2734,0.3707,34.054,2.346,,,0.0,0.002,0.0,-0.0481,0.3654,0.0298,0.011,0.0217,17.0504,0.2379,-0.003,1.035,3.163,0.0,1.909,9.098,0.0017,14.6852,0.0,0.7233,-0.106,0.203,0.075,0.148,0.085,0.0148,0.0055,0.0108,0.3416,1.7209,0.0001,0.0125,0.4704,0.1738,0.3429,31.74,2.26,,,0.0,0.002,0.0,12.5957,-9.541,3.0547,8.8863,-4.8675,1.8010000000000002,0,211.2913,-3.6666,-1.7696,-7.1115,43.8402,0.0065,13.7538,0.0727,2.0094,0.1468,2.3171,15.8711,-2.8092,153.0408,5.7608,-9.9919,-4.2311,1.646,-11.7956,799.3558,18241.3574,116.5689,92.1038,-2.0094,0.297,4.3158,0.3961,-5.4479,0.3961,5.0143,9.0331,0.2922,-4.0188,4.5215,0.0017,6.6787,0.3445,-1.0376,-1.5376,0.6782,0.473,2,0,6.704861111111111,6.704861111111111,0.185972222222222,-2.331597222222222,0.373942012262868,25.75,55.08000000000001,50.04,55.04219916,22,0,0.123875864477702,-0.320261457449094,0.320261457449094,0.123875864477702,3.0,4.0,4.25,1.650309744494273,4.131581110106966,142.01743458181335,7.491563831562721,6.947213595499958,1.947213595499957,4.004035844753885,3.118033988749895,0.723606797749978,0.236803398874989,0.236803398874989,0.055901699437494,0.055901699437494,0.0,0.0,-0.48,59.41115080179386,0.395282933454051,2.52,1.5199999999999991,32.94921711081049,5.719716975726273,4.194442712826621,0,0,0,0,0,0,0,6.399401534821945,5.920434318855644,0.0,0.0,9.238376796656386,6.935959825167062,0.0,0,0,5.719716975726273,0.0,6.496859684315945,0.0,0,12.319835853677588,5.719716975726273,0,0,0.0,6.496859684315945,0.0,12.319835853677588,4.11227566851066,0.0,2.823684156656401,0,0,26.02,6.496859684315945,0,0,5.719716975726273,0,0,6.399401534821945,5.920434318855644,0.0,0.0,6.935959825167062,32.51270833333333,0.0,0,0.0,-0.185972222222222,1.722222222222222,0.0,1.532638888888888,-2.331597222222222,0,0.333333333333333,4,2,1,0,0,0,0,0,0,1,1,1,1,0,0,0,0,-0.421699999999999,17.887400000000003,0,0,0,0,0,0,0,0,0,0,0,0,0,0,0,0,0,1,0,0,0,0,0,0,0,0,0,0,0,0,0,0,0,0,0,0,0,0,0,0,0,0,0,0,0,0,0,0,0,0,0,0,0,0,0,0,0,0,0,0,0,0,0,0,0,0,0,0,0,0,0,0,0,0,0,0,0,0,1,0,0,0,0,0,0
alkyne_18,C#CCCC,-0.0529,0.3365,0.0293,0.0165,0.0229,48.3011,0.2598,-0.003,1.04,3.324,0.0,1.909,9.47,0.0011,15.6829,0.0,0.2403,-0.117,0.207,0.117,0.162,0.09,0.0143,0.0081,0.0112,0.5664,1.7654,0.0001,0.0127,0.4707,0.2661,0.3684,34.382,2.268,,,0.0,0.001,0.0,0.0075,0.9602,0.0341,0.0124,0.0232,13.5703,0.4354,-0.001,1.059,3.121,0.0,1.967,9.093,0.001,20.1177,0.0099,1.0283,-0.024,0.241,0.088,0.164,0.153,0.0167,0.0061,0.0113,0.3653,2.7377,0.0002,0.0216,0.5481,0.2001,0.373,31.707,2.372,,,0.0,0.001,0.0,0.0075,0.9602,0.0341,0.0165,0.0232,48.3011,0.4354,-0.001,1.059,3.324,0.0,1.967,9.47,0.0011,20.1177,0.0099,1.0283,-0.024,0.241,0.117,0.164,0.153,0.0167,0.0081,0.0113,0.5664,2.7377,0.0002,0.0216,0.5481,0.2661,0.373,34.382,2.372,,,0.0,0.001,0.0,-0.0529,0.3365,0.0293,0.0124,0.0229,13.5703,0.2598,-0.003,1.04,3.121,0.0,1.909,9.093,0.001,15.6829,0.0,0.2403,-0.117,0.207,0.088,0.162,0.09,0.0143,0.0061,0.0112,0.3653,1.7654,0.0001,0.0127,0.4707,0.2001,0.3684,31.707,2.268,,,0.0,0.001,0.0,13.5464,-10.0734,3.473,9.2586,-5.2129,0.5994,0,244.6217,-1.0584,-0.4904,-7.3632,58.0157,0.0025,14.4715,0.0691,2.0228,0.1414,2.2741,15.0901,-3.3645,160.224,6.9051,-10.8157,-3.9106,0.67,-14.711,1437.3635,32459.9966,147.4783,122.9189,-2.0228,0.3516,4.3973,0.3898,-5.6407,0.3898,5.3543,9.4,0.2796,-4.0457,3.8399,0.0013,6.9608,0.3946,-0.435,-0.8112,0.6782,2.549,2,0,7.027083333333334,7.027083333333334,1.421180555555555,-3.096875,0.407538890619338,36.8,68.11899999999999,60.05499999999999,68.062600256,28,0,0.123824755151118,-0.120109490858976,0.123824755151118,0.120109490858976,2.6,3.6,4.2,1.835865503769786,5.113489030641555,237.4855634674074,10.914213562373096,10.5,2.5,5.560660171779821,5.0,1.0,0.375,0.375,0.125,0.125,0.03125,0.03125,-0.44,284.5591530843169,0.432463212844673,3.559999999999998,3.559999999999997,44.43800887861778,0.0,1.37075855617022,0,0,0,0,0,0,0,12.319835853677588,6.851892117295679,6.372924901329379,15.968234794520916,0.0,10.96606844936176,0.0,0,0,0.0,19.59774191995444,0.0,0.0,0,12.319835853677588,0.0,0,0,0.0,0.0,0.0,12.319835853677588,30.563810369316197,0.0,0.0,0,0,0.0,19.59774191995444,0,0,0.0,0,0,6.399401534821945,5.920434318855644,0.0,0.0,10.96606844936176,54.76458333333333,0.0,0,0.0,0.0,1.583680555555555,0.0,-4.501388888888887,-3.096875,0,0.6000000000000001,5,0,0,0,0,0,0,0,0,0,0,0,2,0,0,0,0,1.4197,23.74099999999999,0,0,0,0,0,0,0,0,0,0,0,0,0,0,0,0,0,0,0,0,0,0,0,0,0,0,0,0,0,0,0,0,0,0,0,0,0,0,0,0,0,0,0,0,0,0,0,0,0,0,0,0,0,0,0,0,0,0,0,0,0,0,0,0,0,0,0,0,0,0,0,0,0,0,0,0,0,0,1,0,0,0,0,0,0
alkyne_19,C#CCC,-0.0563,0.3492,0.0317,0.0209,0.0262,52.7412,0.2426,-0.003,1.039,3.343,0.0,1.909,9.464,0.0011,14.7777,0.0,0.1655,-0.116,0.209,0.138,0.173,0.071,0.0142,0.0094,0.0117,0.662,1.5106000000000002,0.0001,0.0108,0.4581,0.3025,0.3792,34.344,2.261,,,0.0,0.001,0.0,0.0073,0.9462,0.0368,0.015,0.0259,15.3904,0.3999,-0.001,1.06,3.123,0.0,1.967,9.103,0.001,19.1055,0.0056,0.5772,-0.027,0.243,0.099,0.171,0.144,0.0165,0.0067,0.0116,0.4061,2.4627,0.0002,0.0218,0.5326000000000001,0.217,0.3748,31.776,2.351,,,0.0,0.001,0.0,0.0073,0.9462,0.0368,0.0209,0.0262,52.7412,0.3999,-0.001,1.06,3.343,0.0,1.967,9.464,0.0011,19.1055,0.0056,0.5772,-0.027,0.243,0.138,0.173,0.144,0.0165,0.0094,0.0117,0.662,2.4627,0.0002,0.0218,0.5326000000000001,0.3025,0.3792,34.344,2.351,,,0.0,0.001,0.0,-0.0563,0.3492,0.0317,0.015,0.0259,15.3904,0.2426,-0.003,1.039,3.123,0.0,1.909,9.103,0.001,14.7777,0.0,0.1655,-0.116,0.209,0.099,0.171,0.071,0.0142,0.0067,0.0116,0.4061,1.5106000000000002,0.0001,0.0108,0.4581,0.217,0.3748,31.776,2.261,,,0.0,0.001,0.0,13.6757,-10.0471,3.6286,9.4838,-5.2567,0.623,0,219.1418,-1.0589,-0.4906,-7.3765,46.3473,0.0024,14.7405,0.0678,2.1136,0.1515,2.1919,15.9332,-3.5654,160.6069,6.9149,-10.834,-3.9191,0.6960000000000001,-11.5462,902.9925,20739.5688,123.3761,98.5762,-2.1136,0.3351,4.5622,0.3934,-5.7987,0.3934,5.4082,9.6353,0.2868,-4.2271,4.0703,0.0013,6.991,0.396,-0.4446,-0.8019000000000001,0.6782,0.187,2,0,6.788194444444445,6.788194444444445,1.479513888888888,-2.762847222222222,0.362197821938447,32.0,54.09200000000001,48.044,54.046950192,22,0,0.123824580555119,-0.120119860594399,0.123824580555119,0.120119860594399,3.0,4.0,4.25,1.613308435568507,4.511166029584446,166.41240019043727,8.414213562373096,8.0,2.0,4.310660171779821,3.75,0.75,0.25,0.25,0.0625,0.0625,0.0,0.0,-0.44,75.82549647171983,0.318406847759629,2.56,1.56,35.263125763885526,0.0,1.37075855617022,0,0,0,0,0,0,0,12.319835853677588,6.851892117295679,0.0,13.226717682180478,0.0,8.224551337021321,0.0,0,0,0.0,13.22481701862506,0.0,0.0,0,12.319835853677588,0.0,0,0,0.0,0.0,0.0,12.319835853677588,21.449368355646374,0.0,0.0,0,0,0.0,13.22481701862506,0,0,0.0,0,0,6.399401534821945,5.920434318855644,0.0,0.0,8.224551337021321,39.69479166666667,0.0,0,0.0,0.0,1.649305555555555,0.0,-1.081249999999999,-2.762847222222222,0,0.5,4,0,0,0,0,0,0,0,0,0,0,0,1,0,0,0,0,1.029599999999999,19.124,0,0,0,0,0,0,0,0,0,0,0,0,0,0,0,0,0,0,0,0,0,0,0,0,0,0,0,0,0,0,0,0,0,0,0,0,0,0,0,0,0,0,0,0,0,0,0,0,0,0,0,0,0,0,0,0,0,0,0,0,0,0,0,0,0,0,0,0,0,0,0,0,0,0,0,0,0,0,1,0,0,0,0,0,0
alkyne_20,C#CC(C)C,-0.0512,0.3343,0.0305,0.0185,0.0245,52.3612,0.2601,-0.003,1.042,3.309,0.0,1.909,9.458,0.0011,15.5287,0.0,0.3175,-0.115,0.204,0.124,0.164,0.08,0.0141,0.0086,0.0113,0.6099,1.6395,0.0001,0.0119,0.4545,0.2763,0.3654,34.299,2.272,,,0.0,0.001,0.0,0.004,0.9219,0.0357,0.013,0.0243,7.9502,0.46,-0.001,1.068,3.099,0.0,1.978,9.106,0.001,21.2605,0.0002,0.017,-0.028,0.239,0.087,0.163,0.152,0.0165,0.006,0.0112,0.3636,2.75,0.0002,0.0227,0.5325,0.1938,0.3631,31.795,2.408,,,0.0,0.001,0.0,0.004,0.9219,0.0357,0.0185,0.0245,52.3612,0.46,-0.001,1.068,3.309,0.0,1.978,9.458,0.0011,21.2605,0.0002,0.3175,-0.028,0.239,0.124,0.164,0.152,0.0165,0.0086,0.0113,0.6099,2.75,0.0002,0.0227,0.5325,0.2763,0.3654,34.299,2.408,,,0.0,0.001,0.0,-0.0512,0.3343,0.0305,0.013,0.0243,7.9502,0.2601,-0.003,1.042,3.099,0.0,1.909,9.106,0.001,15.5287,0.0,0.017,-0.115,0.204,0.087,0.163,0.08,0.0141,0.006,0.0112,0.3636,1.6395,0.0001,0.0119,0.4545,0.1938,0.3631,31.795,2.272,,,0.0,0.001,0.0,13.6919,-10.1188,3.5731,9.3255,-5.1655,0.5871000000000001,0,246.0318,-1.0009,-0.4865,-7.3836,58.0168,0.0025,14.491,0.069,2.08,0.1493,2.2279,15.3335,-3.2651,160.1892,6.918,-10.8426,-3.9246,0.647,-14.7122,1437.3939,32463.0068,147.3784,122.9207,-2.08,0.3285,4.4885,0.3935,-5.7027,0.3935,5.3148,9.4748,0.2871,-4.16,3.9542,0.0013,6.7502,0.4014,-0.3779,-0.8147000000000001,0.6782,0.269,2,0,7.204861111111111,7.204861111111111,1.413888888888889,-3.049305555555555,0.374956976220859,36.8,68.11899999999999,60.05499999999999,68.062600256,28,0,0.123835386841372,-0.119833609727818,0.123835386841372,0.119833609727818,2.4,3.2,3.4,1.824142155395243,5.301842721179478,219.97578846308045,10.914213562373096,10.5,2.5,5.560660171779821,5.0,1.0,0.5,0.5,0.125,0.125,0.0,0.0,-0.44,277.2696076200769,0.432463212844673,1.840898876404493,3.559999999999997,44.43800887861778,0.0,1.37075855617022,0,0,0,0,0,0,0,12.319835853677588,13.70378423459136,0.0,15.489267578554616,0.0,10.96606844936176,0.0,0,0,5.893957685363079,13.70378423459136,0.0,0.0,0,12.319835853677588,0.0,0,0,0.0,0.0,0.0,18.213793539040665,24.66985268395312,0.0,0.0,0,0,0.0,19.59774191995444,0,0,0.0,0,0,6.399401534821945,5.920434318855644,0.0,0.0,10.96606844936176,54.71076388888888,0.0,0,0.0,0.0,-1.276041666666666,0.0,1.413888888888889,-6.098611111111111,0,0.6000000000000001,5,0,0,0,0,0,0,0,0,0,0,0,2,0,0,0,0,1.275599999999999,23.67099999999999,0,0,0,0,0,0,0,0,0,0,0,0,0,0,0,0,0,0,0,0,0,0,0,0,0,0,0,0,0,0,0,0,0,0,0,0,0,0,0,0,0,0,0,0,0,0,0,0,0,0,0,0,0,0,0,0,0,0,0,0,0,0,0,0,0,0,0,0,0,0,0,0,0,0,0,0,0,0,1,0,0,0,0,0,0
alkyne_21,C#CCC(C)C,-0.0521,0.3326,0.027,0.0147,0.0208,48.2811,0.2604,-0.003,1.043,3.299,0.0,1.909,9.474,0.0012,15.9549,0.0,0.2519,-0.118,0.202,0.11,0.156,0.092,0.0143,0.0078,0.011,0.5455,1.8333,0.0001,0.0123,0.4752,0.2588,0.367,34.413,2.271,,,0.0,0.001,0.0,0.0071,0.9747,0.0312,0.0107,0.021,13.5303,0.4378,-0.001,1.065,3.103,0.0,1.966,9.097,0.001,20.4792,0.0102,1.0863,-0.025,0.234,0.08,0.157,0.154,0.0165,0.0056,0.0111,0.3394,2.9464,0.0002,0.0206,0.5505,0.1882,0.3693,31.73,2.381,,,0.0,0.001,0.0,0.0071,0.9747,0.0312,0.0147,0.021,48.2811,0.4378,-0.001,1.065,3.299,0.0,1.966,9.474,0.0012,20.4792,0.0102,1.0863,-0.025,0.234,0.11,0.157,0.154,0.0165,0.0078,0.0111,0.5455,2.9464,0.0002,0.0206,0.5505,0.2588,0.3693,34.413,2.381,,,0.0,0.001,0.0,-0.0521,0.3326,0.027,0.0107,0.0208,13.5303,0.2604,-0.003,1.043,3.103,0.0,1.909,9.097,0.001,15.9549,0.0,0.2519,-0.118,0.202,0.08,0.156,0.092,0.0143,0.0056,0.011,0.3394,1.8333,0.0001,0.0123,0.4752,0.1882,0.367,31.73,2.271,,,0.0,0.001,0.0,13.6429,-10.0672,3.5757,9.032,-5.1417,0.6393,0,269.0618,-1.1231,-0.5181,-7.3497,69.6232,0.0026,14.1737,0.0706,1.9451,0.1335,2.3525,14.512,-2.947,159.7079,6.8923000000000005,-10.7958,-3.9035,0.736,-17.878,2092.0623,46775.3754,167.9795,146.0772,-1.9451,0.3605,4.2508,0.3872,-5.4886,0.3872,5.2752,9.1655,0.2745,-3.8903,3.8374,0.0013,6.9237,0.3865,-0.4224,-0.8608,0.6782,3.472,2,0,7.44375,7.44375,1.362847222222222,-3.387847222222222,0.421939415330652,40.0,82.14599999999994,72.06599999999999,82.07825032,34,0,0.123824931198846,-0.120099048023088,0.123824931198846,0.120099048023088,2.5,3.333333333333333,3.833333333333333,1.975453911863854,5.875008775669933,294.91674340931314,13.414213562373096,13.0,3.0,6.810660171779821,6.25,1.25,0.625,0.625,0.1875,0.1875,0.0625,0.0625,-0.44,964.0215089895612,0.545358048544861,2.779298245614034,3.559999999999998,53.612891993350026,0.0,1.37075855617022,0,0,0,0,0,0,0,12.319835853677588,13.70378423459136,5.893957685363079,18.70975190686136,0.0,13.7075855617022,0.0,0,0,5.893957685363079,20.076709135920737,0.0,0.0,0,12.319835853677588,0.0,0,0,0.0,0.0,0.0,18.213793539040665,33.78429469762294,0.0,0.0,0,0,0.0,25.970666821283817,0,0,0.0,0,0,12.319835853677588,0.0,0.0,0.0,13.7075855617022,70.40729166666665,0.0,0,0.0,0.0,-1.869791666666666,0.0,-1.770833333333333,-6.766666666666666,0,0.6666666666666661,6,0,0,0,0,0,0,0,0,0,0,0,3,0,0,0,0,1.6657000000000002,28.287999999999982,0,0,0,0,0,0,0,0,0,0,0,0,0,0,0,0,0,0,0,0,0,0,0,0,0,0,0,0,0,0,0,0,0,0,0,0,0,0,0,0,0,0,0,0,0,0,0,0,0,0,0,0,0,0,0,0,0,0,0,0,0,0,0,0,0,0,0,0,0,0,0,0,0,0,0,0,0,0,1,0,0,0,0,0,0
alkyne_22,C#CCCCN,-0.0566,0.3327,0.0157,0.007,0.0113,45.0811,0.2772,-0.003,1.04,3.324,0.0,1.909,9.474,0.0015,16.3833,0.0,0.7358,-0.119,0.205,0.092,0.148,0.113,0.015,0.0068,0.0109,0.4533,2.2059,0.0002,0.0086,0.5938,0.2665,0.4287,34.416,2.275,,,0.0,0.002,0.0,0.0059,0.9667,0.0182,0.0047,0.0115,12.1303,0.461,-0.001,1.057,3.11,0.0,1.966,9.066,0.0014,20.439,0.0123,2.2746,-0.017,0.238,0.062,0.15,0.176,0.0175,0.0046,0.011,0.2629,3.8043,0.0003,0.0135,0.6894,0.1796,0.4345,31.52,2.386,,,0.0,0.001,0.0,0.0059,0.9667,0.0182,0.007,0.0115,45.0811,0.461,-0.001,1.057,3.324,0.0,1.966,9.474,0.0015,20.439,0.0123,2.2746,-0.017,0.238,0.092,0.15,0.176,0.0175,0.0068,0.011,0.4533,3.8043,0.0003,0.0135,0.6894,0.2665,0.4345,34.416,2.386,,,0.0,0.002,0.0,-0.0566,0.3327,0.0157,0.0047,0.0113,12.1303,0.2772,-0.003,1.04,3.11,0.0,1.909,9.066,0.0014,16.3833,0.0,0.7358,-0.119,0.205,0.062,0.148,0.113,0.015,0.0046,0.0109,0.2629,2.2059,0.0002,0.0086,0.5938,0.1796,0.4287,31.52,2.275,,,0.0,0.001,0.0,12.8255,-9.3781,3.4474,8.2568,-5.3702,1.9047,0,261.2612,-3.1725,-1.5342,-6.7485,67.188,0.0051,13.627,0.0734,1.4433,0.0764,2.8965,14.1191,-2.8323,157.6631,6.0612,-9.7791,-3.7179,1.625,-18.1254,1936.464,43015.5013,161.4762,138.952,-1.4433,0.5658000000000001,3.4524,0.3559,-4.8501,0.3559,5.4466,8.3332,0.2118,-2.8866,4.2001,0.0017,,0.2645,-1.1414,-1.1752,0.6782,2.502,2,0,7.214583333333334,7.214583333333334,0.55907171201814,-3.210763888888888,0.378310165261995,35.833333333333336,83.13399999999996,74.062,83.073499288,34,0,0.123824762998331,-0.330439075817307,0.330439075817307,0.123824762998331,2.333333333333333,3.333333333333333,4.0,2.024513601803164,5.362785654996929,284.6131666767309,12.49156383156272,11.947213595499958,2.9472135954999583,6.504035844753886,5.618033988749896,1.223606797749979,0.486803398874989,0.486803398874989,0.180901699437494,0.180901699437494,0.059200849718747,0.059200849718747,-0.48,795.6338455086434,0.6169678932810471,4.519999999999999,3.519999999999998,51.29898334027498,5.719716975726273,4.194442712826621,0,0,0,0,0,0,0,12.319835853677588,0.0,12.869784585645323,14.597476238350698,0.0,12.418994049847942,0.0,0,0,5.719716975726273,12.74584980265876,6.496859684315945,0.0,0,12.319835853677588,5.719716975726273,0,0,0.0,6.496859684315945,0.0,12.319835853677588,22.341159695850298,0.0,2.823684156656401,0,0,26.02,24.96242646270097,0,0,0.0,0,0,6.399401534821945,5.920434318855644,0.0,0.0,12.418994049847942,62.69250141723356,0.0,0,0.0,-0.55907171201814,1.564791666666666,0.0,-4.768013038548752,-3.180208333333333,0,0.6000000000000001,6,2,1,0,0,0,0,0,0,1,1,1,3,0,0,0,0,0.3585,27.121399999999998,0,0,0,0,0,0,0,0,0,0,0,0,0,0,0,0,0,1,0,0,0,0,0,0,0,0,0,0,0,0,0,0,0,0,0,0,0,0,0,0,0,0,0,0,0,0,0,0,0,0,0,0,0,0,0,0,0,0,0,0,0,0,0,0,0,0,0,0,0,0,0,0,0,0,0,0,0,0,1,0,0,0,0,0,0
alkyne_23,C#CC(C)N,-0.0425,0.3477,0.0281,0.0151,0.0215,52.1512,0.2562,-0.003,1.04,3.318,0.0,1.909,9.422,0.0018,15.3132,0.0001,0.6072000000000001,-0.106,0.2,0.107,0.153,0.093,0.0146,0.0078,0.0112,0.5342,1.8718,0.0002,0.0131,0.4725,0.2528,0.3615,34.037,2.271,,,0.0,0.002,0.0,0.0063,0.9065,0.0312,0.0093,0.0203,9.8602,0.4475,-0.001,1.065,3.126,0.0,1.978,9.1,0.0016,20.5467,0.0013,0.0671,-0.026,0.222,0.066,0.144,0.156,0.0163,0.0048,0.0105,0.2945,3.3958,0.0003,0.022,0.5245000000000001,0.1559,0.3402,31.75,2.403,,,0.0,0.002,0.0,0.0063,0.9065,0.0312,0.0151,0.0215,52.1512,0.4475,-0.001,1.065,3.318,0.0,1.978,9.422,0.0018,20.5467,0.0013,0.6072000000000001,-0.026,0.222,0.107,0.153,0.156,0.0163,0.0078,0.0112,0.5342,3.3958,0.0003,0.022,0.5245000000000001,0.2528,0.3615,34.037,2.403,,,0.0,0.002,0.0,-0.0425,0.3477,0.0281,0.0093,0.0203,9.8602,0.2562,-0.003,1.04,3.126,0.0,1.909,9.1,0.0016,15.3132,0.0001,0.0671,-0.106,0.2,0.066,0.144,0.093,0.0146,0.0048,0.0105,0.2945,1.8718,0.0002,0.0131,0.4725,0.1559,0.3402,31.75,2.271,,,0.0,0.002,0.0,12.8245,-9.6359,3.1886,8.7954,-4.8728,1.9053,0,239.1113,-3.4256,-1.6122,-7.0839,55.4303,0.0064,13.6682,0.0732,1.9613,0.1407,2.3626,15.3784,-2.6781,154.9731,5.8239,-9.9959,-4.172,1.716,-14.9646,1302.5795,29287.8386,138.9721,115.2003,-1.9613,0.3101,4.2327,0.3935,-5.3784,0.3935,5.0135,8.9361,0.287,-3.9226,4.3888,0.0017,6.7073,0.3468,-0.9555,-1.5361,0.6782,0.596,2,0,7.121527777777778,7.121527777777778,0.331805555555555,-2.898263888888888,0.396935315964679,41.4,69.10699999999997,62.051,69.057849224,28,0,0.123887061026665,-0.317937731949308,0.317937731949308,0.123887061026665,3.0,4.0,4.2,1.847677320408419,4.9711797075644295,209.67182807804883,9.99156383156272,9.447213595499958,2.447213595499958,5.254035844753886,4.368033988749895,0.973606797749978,0.473606797749978,0.473606797749978,0.118401699437494,0.118401699437494,0.0,0.0,-0.48,216.178246487785,0.506048663418583,1.804090909090908,3.519999999999997,42.12410022554274,5.719716975726273,4.194442712826621,0,0,0,0,0,0,0,6.399401534821945,5.920434318855644,6.851892117295679,4.11227566851066,7.388651024519865,9.677476937507503,0.0,0,0,5.719716975726273,12.869784585645323,0.0,0.0,0,12.319835853677588,5.719716975726273,0,0,0.0,6.017892468349645,0.0,12.319835853677588,13.705684898146778,0.0,2.823684156656401,0,0,26.02,12.869784585645323,0,0,5.719716975726273,0,0,6.399401534821945,5.920434318855644,0.0,0.0,9.677476937507503,47.23701388888889,0.0,0,0.0,-0.331805555555555,1.670138888888888,-2.644097222222221,1.467013888888888,-2.898263888888888,0,0.5,5,2,1,0,0,0,0,0,0,1,1,1,2,0,0,0,0,-0.0332,22.4824,0,0,0,0,0,0,0,0,0,0,0,0,0,0,0,0,0,1,0,0,0,0,0,0,0,0,0,0,0,0,0,0,0,0,0,0,0,0,0,0,0,0,0,0,0,0,0,0,0,0,0,0,0,0,0,0,0,0,0,0,0,0,0,0,0,0,0,0,0,0,0,0,0,0,0,0,0,0,1,0,0,0,0,0,0
alkyne_24,C#CC(C)CC,-0.05,0.3299,0.0272,0.0146,0.0209,51.8112,0.261,-0.003,1.044,3.29,0.0,1.909,9.462,0.0012,15.7676,0.0,0.1138,-0.116,0.201,0.108,0.154,0.093,0.0142,0.0076,0.0109,0.5352,1.8684,0.0001,0.0126,0.4712,0.2532,0.361,34.329,2.275,,,0.0,0.001,0.0,0.0025,0.938,0.0316,0.0099,0.0207,7.9602,0.4625,-0.001,1.072,3.09,0.0,1.98,9.111,0.001,21.6117,0.0002,0.014,-0.029,0.233,0.073,0.153,0.16,0.0165,0.0052,0.0108,0.3152,3.1731,0.0002,0.0217,0.5462,0.1711,0.3586,31.831,2.418,,,0.0,0.001,0.0,0.0025,0.938,0.0316,0.0146,0.0209,51.8112,0.4625,-0.001,1.072,3.29,0.0,1.98,9.462,0.0012,21.6117,0.0002,0.1138,-0.029,0.233,0.108,0.154,0.16,0.0165,0.0076,0.0109,0.5352,3.1731,0.0002,0.0217,0.5462,0.2532,0.361,34.329,2.418,,,0.0,0.001,0.0,-0.05,0.3299,0.0272,0.0099,0.0207,7.9602,0.261,-0.003,1.044,3.09,0.0,1.909,9.111,0.001,15.7676,0.0,0.014,-0.116,0.201,0.073,0.153,0.093,0.0142,0.0052,0.0108,0.3152,1.8684,0.0001,0.0126,0.4712,0.1711,0.3586,31.831,2.275,,,0.0,0.001,0.0,13.5873,-10.1094,3.4779,9.0237,-5.109,0.6513,0,272.0018,-1.0534,-0.4971,-7.3651,69.6782,0.0027,14.1327,0.0708,1.9573,0.1355,2.3441,14.4674,-2.863,159.8665,6.9009,-10.8155,-3.9146,0.6930000000000001,-17.8758,2095.0109,46798.4172,168.7798,146.3049,-1.9573,0.3514,4.2661,0.3885,-5.4905,0.3885,5.2445,9.1592,0.277,-3.9147,3.8449,0.0014,6.8019,0.39,-0.377,-0.8575,0.6782,2.516,2,0,7.439236111111111,7.439236111111111,1.355555555555555,-3.361805555555555,0.421939415330652,48.0,82.14599999999994,72.06599999999999,82.07825032,34,0,0.123835562249007,-0.119823198935078,0.123835562249007,0.119823198935078,2.666666666666666,3.666666666666666,4.166666666666667,1.994351590254897,5.809776624581167,310.91674340931314,13.414213562373096,13.0,3.0,6.810660171779821,6.25,1.25,0.625,0.625,0.25,0.25,0.03125,0.03125,-0.44,1003.1588498982136,0.545358048544861,2.779298245614034,1.840898876404493,53.61289199335002,0.0,1.37075855617022,0,0,0,0,0,0,0,12.319835853677588,13.70378423459136,6.372924901329379,18.230784690895057,0.0,13.7075855617022,0.0,0,0,5.893957685363079,20.076709135920737,0.0,0.0,0,12.319835853677588,0.0,0,0,0.0,0.0,0.0,18.213793539040665,33.78429469762294,0.0,0.0,0,0,0.0,25.970666821283817,0,0,0.0,0,0,12.319835853677588,0.0,0.0,0.0,13.7075855617022,70.21180555555556,0.0,0,0.0,0.0,-1.628124999999999,0.0,-2.00625,-6.577430555555557,0,0.6666666666666661,6,0,0,0,0,0,0,0,0,0,0,0,3,0,0,0,0,1.6657000000000002,28.287999999999982,0,0,0,0,0,0,0,0,0,0,0,0,0,0,0,0,0,0,0,0,0,0,0,0,0,0,0,0,0,0,0,0,0,0,0,0,0,0,0,0,0,0,0,0,0,0,0,0,0,0,0,0,0,0,0,0,0,0,0,0,0,0,0,0,0,0,0,0,0,0,0,0,0,0,0,0,0,0,1,0,0,0,0,0,0
alkyne_25,C#CCC#CCC,,,,,,,,,,,,,,,,,,,,,,,,,,,,,,,,,,,,,,,,,,,,,,,,,,,,,,,,,,,,,,,,,,,,,,,,,,,,,,,,,,,,,,,,,,,,,,,,,,,,,,,,,,,,,,,,,,,,,,,,,,,,,,,,,,,,,,,,,,,,,,,,,,,,,,,,,,,,,12.6594,-9.8211,2.8383000000000003,8.4244,-3.728,0.5112,0,302.7827,-2.1404,-0.7663000000000001,-7.3706,75.9066,0.0061,12.1524,0.0823,2.3482,0.2269,2.0944,13.6104,-0.2188,145.0592,6.1691,-10.4551,-4.286,0.67,-18.9286,2397.7189,57631.1235,181.8544,151.6585,-2.3482,0.0783,4.7747,0.4432,-5.3863,0.4432,3.9549,8.651299999999999,0.3865,-4.6964,4.3476,0.0024,3.9203,0.4787,-0.8228000000000001,-1.2295,0.6782,0.194,2,0,7.059722222222222,7.059722222222222,1.542392998866213,-2.94000673185941,0.396326600641944,27.428571428571427,92.14099999999996,84.07699999999998,92.062600256,36,0,0.123860776302183,-0.119090130981405,0.123860776302183,0.119090130981405,2.0,3.0,3.714285714285714,1.9899297106975864,5.018735809413462,341.1473745662633,12.32842712474619,11.5,3.5,6.517766952966369,5.5,1.5,0.625,0.625,0.25,0.25,0.09375,0.09375,-0.88,758.1632197757806,0.9320166567519332,5.12,5.12,56.167118499270266,0.0,1.37075855617022,0,0,0,0,0,0,0,12.319835853677588,18.69276075500697,0.0,13.226717682180478,9.11444201366982,10.96606844936176,0.0,0,0,0.0,19.59774191995444,0.0,0.0,0,24.16070449138888,0.0,0,0,0.0,0.0,0.0,24.16070449138888,30.563810369316197,0.0,0.0,0,0,0.0,19.59774191995444,0,0,0.0,0,0,0.0,24.16070449138888,0.0,0.0,10.96606844936176,55.09248334750566,0.0,0,0.0,0.0,5.217424886621315,0.0,-3.619901502267572,-2.94000673185941,0,0.428571428571428,7,0,0,0,0,0,0,0,0,0,0,0,1,0,0,0,0,1.4231,31.51699999999999,0,0,0,0,0,0,0,0,0,0,0,0,0,0,0,0,0,0,0,0,0,0,0,0,0,0,0,0,0,0,0,0,0,0,0,0,0,0,0,0,0,0,0,0,0,0,0,0,0,0,0,0,0,0,0,0,0,0,0,0,0,0,0,0,0,0,0,0,0,0,0,0,0,0,0,0,0,0,1,0,0,0,0,0,0
alkyne_26,C#CCC#CC,,,,,,,,,,,,,,,,,,,,,,,,,,,,,,,,,,,,,,,,,,,,,,,,,,,,,,,,,,,,,,,,,,,,,,,,,,,,,,,,,,,,,,,,,,,,,,,,,,,,,,,,,,,,,,,,,,,,,,,,,,,,,,,,,,,,,,,,,,,,,,,,,,,,,,,,,,,,,12.7912,-9.7586,3.0326,8.6078,-3.8361,0.6341,0,270.5529,-2.2488,-0.8122,-7.3618,64.1906,0.0058,12.4439,0.0804,2.3858,0.2287,2.0592,14.3106,-0.4953,146.5562,6.2352,-10.4794,-4.2442,0.759,-15.765,1687.3917,41567.9417,155.0521,126.715,-2.3858,0.0845,4.8562,0.4417,-5.4968,0.4417,4.0648,8.836500000000001,0.3835,-4.7717,4.5218,0.0023,4.049,0.4696,-0.8951,-1.2196,0.6782,0.253,2,0,6.955555555555556,6.955555555555556,1.583049886621315,-2.475141723356009,0.379539700735264,22.666666666666668,78.11399999999996,72.06599999999999,78.046950192,30,0,0.123860776296762,-0.11909013243645,0.123860776296762,0.11909013243645,2.333333333333333,3.333333333333333,4.0,1.8252935816263087,4.570081133003468,264.3743357192034,9.82842712474619,9.0,3.0,5.267766952966369,4.25,1.25,0.5,0.5,0.1875,0.1875,0.0625,0.0625,-0.88,208.0834683053993,0.8486006655314091,4.119999999999999,3.12,46.99223538453803,0.0,1.37075855617022,0,0,0,0,0,0,0,12.319835853677588,11.840868637711289,6.851892117295679,4.11227566851066,9.11444201366982,8.224551337021321,0.0,0,0,0.0,13.22481701862506,0.0,0.0,0,24.16070449138888,0.0,0,0,0.0,0.0,0.0,24.16070449138888,21.449368355646374,0.0,0.0,0,0,0.0,13.22481701862506,0,0,0.0,0,0,0.0,12.319835853677588,11.840868637711289,0.0,8.224551337021321,40.22021683673469,0.0,0,0.0,0.0,5.384027777777778,0.0,-0.629102891156462,-2.475141723356009,0,0.333333333333333,6,0,0,0,0,0,0,0,0,0,0,0,0,0,0,0,0,1.033,26.89999999999999,0,0,0,0,0,0,0,0,0,0,0,0,0,0,0,0,0,0,0,0,0,0,0,0,0,0,0,0,0,0,0,0,0,0,0,0,0,0,0,0,0,0,0,0,0,0,0,0,0,0,0,0,0,0,0,0,0,0,0,0,0,0,0,0,0,0,0,0,0,0,0,0,0,0,0,0,0,0,1,0,0,0,0,0,0
alkyne_27,C#CC(CC)CC,-0.0448,0.3063,0.0241,0.0106,0.0174,41.771,0.3023,-0.002,1.044,3.276,0.0,1.909,9.468,0.0012,17.366,0.0001,0.626,-0.117,0.2,0.088,0.144,0.112,0.0145,0.0064,0.0105,0.4414,2.2656,0.0002,0.0135,0.4965,0.2184,0.3575,34.368,2.289,,,0.0,0.001,0.0,0.0033,0.9386,0.0282,0.0065,0.0174,7.1502,0.5364,-0.001,1.067,3.087,0.0,1.973,9.076,0.0011,23.0041,0.0142,1.3592,-0.02,0.234,0.054,0.144,0.18,0.017,0.0039,0.0105,0.2294,4.359,0.0003,0.0217,0.5809000000000001,0.134,0.3575,31.588,2.458,,,0.0,0.001,0.0,0.0033,0.9386,0.0282,0.0106,0.0174,41.771,0.5364,-0.001,1.067,3.276,0.0,1.973,9.468,0.0012,23.0041,0.0142,1.3592,-0.02,0.234,0.088,0.144,0.18,0.017,0.0064,0.0105,0.4414,4.359,0.0003,0.0217,0.5809000000000001,0.2184,0.3575,34.368,2.458,,,0.0,0.001,0.0,-0.0448,0.3063,0.0241,0.0065,0.0174,7.1502,0.3023,-0.002,1.044,3.087,0.0,1.909,9.076,0.0011,17.366,0.0001,0.626,-0.117,0.2,0.054,0.144,0.112,0.0145,0.0039,0.0105,0.2294,2.2656,0.0002,0.0135,0.4965,0.134,0.3575,31.588,2.289,,,0.0,0.001,0.0,13.3784,-10.1611,3.2173,8.7147,-5.0682,0.5402,0,286.5216,-0.9703,-0.4713,-7.338,81.3902,0.003,13.7829,0.0726,1.8233,0.1206,2.4823,13.8399,-2.8533,158.8045,6.8309,-10.7534,-3.9225,0.594,-21.0363,2879.5459,63776.6792,186.583,168.9451,-1.8233,0.382,4.0285,0.3823,-5.269,0.3823,5.1888,8.8353,0.2646,-3.6465,3.6701,0.0014,7.0364,0.3678,-0.3614,-0.8158000000000001,0.6782,2.222,2,0,7.673611111111111,7.673611111111111,1.297222222222222,-3.577430555555557,0.461442623265022,42.285714285714285,96.17299999999992,84.07699999999998,96.093900384,40,0,0.123835737827705,-0.1198127782076,0.123835737827705,0.1198127782076,2.1428571428571432,2.857142857142857,3.285714285714285,2.132051997300399,6.26171543061842,361.01674884848217,15.914213562373096,15.5,3.5,8.060660171779821,7.5,1.5,0.75,0.75,0.375,0.375,0.09375,0.09375,-0.44,3547.7345235078647,0.6576644994577651,3.739856115107913,2.2794244604316543,62.78777510808225,0.0,1.37075855617022,0,0,0,0,0,0,0,12.319835853677588,13.70378423459136,12.74584980265876,20.972301803235496,0.0,16.44910267404264,0.0,0,0,5.893957685363079,26.44963403725012,0.0,0.0,0,12.319835853677588,0.0,0,0,0.0,0.0,0.0,18.213793539040665,42.89873671129278,0.0,0.0,0,0,0.0,32.3435917226132,0,0,0.0,0,0,12.319835853677588,0.0,0.0,0.0,16.44910267404264,86.0378472222222,0.0,0,0.0,0.0,-1.980208333333333,0.0,-5.857638888888889,-6.950000000000001,0,0.7142857142857141,7,0,0,0,0,0,0,0,0,0,0,0,4,0,0,0,0,2.0558,32.90499999999999,0,0,0,0,0,0,0,0,0,0,0,0,0,0,0,0,0,0,0,0,0,0,0,0,0,0,0,0,0,0,0,0,0,0,0,0,0,0,0,0,0,0,0,0,0,0,0,0,0,0,0,0,0,0,0,0,0,0,0,0,0,0,0,0,0,0,0,0,0,0,0,0,0,0,0,0,0,0,1,0,0,0,0,0,0
alkyne_28,C#CC,-0.0645,0.363,0.0361,0.0304,0.0333,53.0912,0.2263,-0.003,1.039,3.38,0.0,1.909,9.474,0.001,14.1283,2.0,0.093,-0.119,0.217,0.183,0.2,0.034,0.014,0.0118,0.0129,0.8429000000000001,1.1864,0.0,0.0057,0.4447,0.375,0.4099,34.417,2.251,,,0.0,0.001,0.0,0.0128,0.9826,0.0439,0.0254,0.0346,23.2105,0.3401,-0.002,1.057,3.142,0.0,1.96,9.093,0.0009,17.2473,0.0,0.0311,-0.024,0.264,0.153,0.208,0.111,0.017,0.0099,0.0134,0.5824,1.7172,0.0001,0.0185,0.541,0.3135,0.4263,31.703,2.3,,,0.0,0.001,0.0,0.0128,0.9826,0.0439,0.0304,0.0346,53.0912,0.3401,-0.002,1.057,3.38,0.0,1.96,9.474,0.001,17.2473,2.0,0.093,-0.024,0.264,0.183,0.208,0.111,0.017,0.0118,0.0134,0.8429000000000001,1.7172,0.0001,0.0185,0.541,0.375,0.4263,34.417,2.3,,,0.0,0.001,0.0,-0.0645,0.363,0.0361,0.0254,0.0333,23.2105,0.2263,-0.003,1.039,3.142,0.0,1.909,9.093,0.0009,14.1283,0.0,0.0311,-0.119,0.217,0.153,0.2,0.034,0.014,0.0099,0.0129,0.5824,1.1864,0.0,0.0057,0.4447,0.3135,0.4099,31.703,2.251,,,0.0,0.001,0.0,14.2215,-9.9702,4.2513,10.0398,-5.494,0.6726000000000001,0,186.5621,-1.2346,-0.5514,-7.3404,34.6323,0.0022,15.5338,0.0644,2.2729,0.1663,2.0493,17.7702,-4.3192,162.472,7.0819,-10.8814,-3.7995,0.773,-8.3829,491.1386,11627.7057,97.1735,74.2277,-2.2729,0.334,4.8798,0.3963,-6.1563,0.3963,5.6603,10.2061,0.2926,-4.5458,4.4526,0.0012,7.458,0.3952,-0.5657,-0.7957000000000001,0.6782,3.427,2,0,6.371527777777778,6.371527777777778,1.545138888888888,-2.248263888888889,0.347728095479535,24.0,40.06500000000001,36.033,40.031300128,16,0,0.123813842208339,-0.120405060402964,0.123813842208339,0.120405060402964,3.0,4.0,4.0,1.295836389291163,3.722076581642847,100.32887730967798,5.914213562373095,5.5,1.5,3.060660171779821,2.5,0.5,0.125,0.125,0.0,0.0,0.0,0.0,-0.44,18.14170945007629,0.201529941514414,1.56,1.5599999999999992,26.088242649153287,0.0,1.37075855617022,0,0,0,0,0,0,0,12.319835853677588,0.0,6.851892117295679,4.11227566851066,0.0,5.483034224680881,0.0,0,0,0.0,6.851892117295679,0.0,0.0,0,12.319835853677588,0.0,0,0,0.0,0.0,0.0,12.319835853677588,12.334926341976558,0.0,0.0,0,0,0.0,6.851892117295679,0,0,0.0,0,0,0.0,12.319835853677588,0.0,0.0,5.483034224680881,25.25173611111111,0.0,0,0.0,0.0,1.701388888888888,0.0,1.545138888888888,-2.248263888888889,0,0.333333333333333,3,0,0,0,0,0,0,0,0,0,0,0,0,0,0,0,0,0.6395000000000001,14.507,0,0,0,0,0,0,0,0,0,0,0,0,0,0,0,0,0,0,0,0,0,0,0,0,0,0,0,0,0,0,0,0,0,0,0,0,0,0,0,0,0,0,0,0,0,0,0,0,0,0,0,0,0,0,0,0,0,0,0,0,0,0,0,0,0,0,0,0,0,0,0,0,0,0,0,0,0,0,1,0,0,0,0,0,0
alkyne_29,C#CCCCBr,-0.0482,0.3286,0.0214,0.0468,0.0344,41.151,0.3051,-0.002,1.053,3.213,0.0,1.909,9.411,0.0021,17.5789,1.9999,1.315,-0.103,0.043,0.094,0.069,-0.051,0.0039,0.0085,0.0062,2.1795,0.4588,-0.0002,-0.0254,0.0642,0.1403,0.103,33.957,2.464,,,0.0,0.002,0.0,-0.0022,0.9707,0.0154,0.0399,0.0274,13.1003,0.4803,-0.001,1.078,3.028,0.0,1.965,9.092,0.0017,21.8713,0.0026,1.1774,-0.024,0.031,0.08,0.055,-0.049,0.0028,0.0072,0.005,2.5714,0.3889,-0.0002,-0.0244,0.0463,0.1194,0.0821,31.698,2.668,,,0.0,0.002,0.0,-0.0022,0.9707,0.0214,0.0468,0.0344,41.151,0.4803,-0.001,1.078,3.213,0.0,1.965,9.411,0.0021,21.8713,1.9999,1.315,-0.024,0.043,0.094,0.069,-0.049,0.0039,0.0085,0.0062,2.5714,0.4588,-0.0002,-0.0244,0.0642,0.1403,0.103,33.957,2.668,,,0.0,0.002,0.0,-0.0482,0.3286,0.0154,0.0399,0.0274,13.1003,0.3051,-0.002,1.053,3.028,0.0,1.909,9.092,0.0017,17.5789,0.0026,1.1774,-0.103,0.031,0.08,0.055,-0.051,0.0028,0.0072,0.005,2.1795,0.3889,-0.0002,-0.0254,0.0463,0.1194,0.0821,31.698,2.464,,,0.0,0.002,0.0,11.4531,-10.2524,1.2007,8.8639,-2.2171,1.9753,0,269.7325,-3.3934,-0.8606,-8.2783,76.8058,0.0202,11.081,0.0902,3.3234,0.4984,1.4921,14.5595,1.7089,121.9136,4.9489,-10.7527,-5.8038,4.274,-18.2839,2447.0239,79222.8569,167.1593,148.8368,-3.3234,0.0552,6.702,0.5499,-6.0936,0.5499,2.7155,9.3623,0.5998,-6.6468,4.8108,0.0035,2.411,0.7543000000000001,-2.2958,-0.9152,0.6782,0.931,2,0,7.167708333333334,7.167708333333334,1.483680555555555,-2.825347222222222,0.317035295198687,30.5,147.01500000000007,139.959,145.973112324,34,0,0.12382476035477,-0.120108821265438,0.12382476035477,0.120108821265438,2.166666666666666,3.0,3.5,1.835865503769786,5.113489030641555,241.83407901300416,10.914213562373096,9.877964473009229,4.463961012123932,5.560660171779821,4.688982236504613,1.981980506061965,0.469491118252306,0.8659902530309821,0.172245559126153,0.370495126515491,0.054872779563076,0.153997563257745,0.039999999999999,284.5591530843169,1.058388318009735,5.04,4.04,56.90058598409133,0.0,1.37075855617022,0,0,0,0,0,0,0,12.319835853677588,15.929943897949348,6.372924901329379,19.879669163815493,0.0,9.59530989319154,15.929943897949348,0,0,0.0,12.74584980265876,5.282192925464797,0.0,0,12.319835853677588,0.0,0,0,15.929943897949348,5.282192925464797,0.0,12.319835853677588,22.341159695850298,0.0,0.0,0,0,0.0,18.028042728123555,0,0,0.0,0,0,6.399401534821945,5.920434318855644,0.0,15.929943897949348,9.59530989319154,49.013765589569154,2.395192743764172,0,-2.534375,0.0,1.673680555555555,0.0,-4.048263888888888,0.0,0,0.6000000000000001,6,0,0,0,0,0,0,0,0,0,0,1,2,0,0,0,0,1.7947000000000002,31.86099999999999,0,0,0,0,0,0,0,0,0,0,0,0,0,0,0,0,0,0,0,0,0,0,0,0,0,1,0,0,0,0,0,0,0,0,0,0,0,0,0,0,0,0,0,0,1,0,0,0,0,0,0,0,0,0,0,0,0,0,0,0,0,0,0,0,0,0,0,0,0,0,0,0,0,0,0,0,0,0,1,0,0,0,0,0,0
alkyne_30,C#CCBr,-0.0271,0.3486,0.0881,0.0912,0.0896,52.1612,0.2479,-0.003,1.052,3.295,0.0,1.909,9.352,0.0042,15.3627,0.0,0.6678000000000001,-0.088,0.113,0.117,0.115,-0.004,0.0101,0.0105,0.0103,1.0396,0.9619,0.0,-0.0031,0.1301,0.1347,0.1324,33.531,2.394,,,0.0,0.004,0.0,0.0001,0.9337,0.0585,0.0694,0.0639,17.2104,0.4105,-0.001,1.101,2.987,0.0,2.048,9.056,0.0024,20.1368,0.02,1.2234,-0.017,0.075,0.089,0.082,-0.014,0.0067,0.008,0.0073,1.194,0.8375,-0.0001,-0.0109,0.0863,0.1025,0.0944,31.439,2.705,,,0.0,0.002,0.0,0.0001,0.9337,0.0881,0.0912,0.0896,52.1612,0.4105,-0.001,1.101,3.295,0.0,2.048,9.352,0.0042,20.1368,0.02,1.2234,-0.017,0.113,0.117,0.115,-0.004,0.0101,0.0105,0.0103,1.194,0.9619,0.0,-0.0031,0.1301,0.1347,0.1324,33.531,2.705,,,0.0,0.004,0.0,-0.0271,0.3486,0.0585,0.0694,0.0639,17.2104,0.2479,-0.003,1.052,2.987,0.0,1.909,9.056,0.0024,15.3627,0.0,0.6678000000000001,-0.088,0.075,0.089,0.082,-0.014,0.0067,0.008,0.0073,1.0396,0.8375,-0.0001,-0.0109,0.0863,0.1025,0.0944,31.439,2.394,,,0.0,0.002,0.0,11.2125,-10.5659,0.6466000000000001,9.7573,-1.4123,1.2639,0,223.6931,-2.9065000000000003,-1.0347,-8.8484,53.5711,0.0321,11.1696,0.0895,4.1725,0.7793,1.1513,16.5769,1.9649,109.1133,4.4887,-11.0928,-6.6041,3.442,-11.9538,1143.6946,43840.6012,123.052,101.5998,-4.1725,0.341,8.686,0.6236,-6.9649,0.6236,2.1916,10.5366,0.7471,-8.345,5.0984,0.0037,2.0292,1.0126,-1.6058,-0.9442,0.6782,0.644,2,0,6.621527777777778,6.621527777777778,1.685763888888888,-1.685763888888888,0.329459598434201,17.75,118.96099999999998,115.937,117.941812196,22,0,0.123856196138199,-0.119216173482197,0.123856196138199,0.119216173482197,2.75,3.5,3.5,1.295836389291163,3.722076581642847,103.57398980751452,5.914213562373095,4.877964473009227,3.463961012123931,3.060660171779821,2.188982236504613,1.481980506061965,0.219491118252306,0.6159902530309821,0.047245559126153,0.245495126515491,0.0,0.0,0.039999999999999,18.14170945007629,1.023421779746502,3.04,2.039999999999999,38.55081975462684,0.0,1.37075855617022,0,0,0,0,0,0,0,6.399401534821945,21.85037821680499,0.0,0.0,8.023710037805238,4.11227566851066,15.929943897949348,0,0,0.0,0.0,5.282192925464797,0.0,0,12.319835853677588,0.0,0,0,15.929943897949348,5.282192925464797,0.0,12.319835853677588,4.11227566851066,0.0,0.0,0,0,0.0,5.282192925464797,0,0,0.0,0,0,0.0,6.399401534821945,5.920434318855644,15.929943897949348,4.11227566851066,19.47020833333333,2.578402777777778,0,-1.685763888888888,0.0,1.951388888888888,0.0,1.685763888888888,0.0,0,0.333333333333333,4,0,0,0,0,0,0,0,0,0,0,1,0,0,0,0,0,1.0145,22.626999999999995,0,0,0,0,0,0,0,0,0,0,0,0,0,0,0,0,0,0,0,0,0,0,0,0,0,1,0,0,0,0,0,0,0,0,0,0,0,0,0,0,0,0,0,0,1,0,0,0,0,0,0,0,0,0,0,0,0,0,0,0,0,0,0,0,0,0,0,0,0,0,0,0,0,0,0,0,0,0,1,0,0,0,0,0,0
alkyne_31,C#CCOCCl,-0.0211,0.3426,0.0373,0.0394,0.0381,42.691,0.295,-0.002,1.052,3.179,0.0,1.909,9.343,0.0014,16.502,0.0001,0.5303,-0.086,0.085,0.09,0.087,-0.005,0.007,0.0074,0.0071,1.0571,0.9459,0.0,-0.0022,0.1299,0.1375,0.133,33.465,2.275,,,0.0,0.001,0.0,-0.002,0.9429,0.0377,0.0329,0.0355,15.1004,0.4662,-0.001,1.076,3.06,0.0,1.96,9.1,0.0012,20.5248,0.0107,0.8744000000000001,-0.026,0.086,0.075,0.081,0.011,0.0071,0.0062,0.0067,0.8732000000000001,1.1452,0.0,0.0048,0.1314,0.1146,0.1238,31.753,2.351,,,0.0,0.001,0.0,-0.002,0.9429,0.0377,0.0394,0.0381,42.691,0.4662,-0.001,1.076,3.179,0.0,1.96,9.343,0.0014,20.5248,0.0107,0.8744000000000001,-0.026,0.086,0.09,0.087,0.011,0.0071,0.0074,0.0071,1.0571,1.1452,0.0,0.0048,0.1314,0.1375,0.133,33.465,2.351,,,0.0,0.001,0.0,-0.0211,0.3426,0.0373,0.0329,0.0355,15.1004,0.295,-0.002,1.052,3.06,0.0,1.909,9.1,0.0012,16.502,0.0001,0.5303,-0.086,0.085,0.075,0.081,-0.005,0.007,0.0062,0.0067,0.8732000000000001,0.9459,0.0,-0.0022,0.1299,0.1146,0.1238,31.753,2.275,,,0.0,0.001,0.0,12.2659,-10.4696,1.7963,9.3589,-2.8232,1.8008000000000002,0,253.2806,-4.3303,-1.1701,-8.037,63.793,0.0054,12.1821,0.0821,3.2679,0.4383,1.5282,15.1325,1.2798,148.8574,6.3733,-11.2236,-4.8503,2.381,-19.6436,1751.9165,47839.5488,150.5074,129.6018,-3.2679,0.0081,6.5438,0.5183,-6.3134,0.5183,3.2615,9.7972,0.5365,-6.5357,4.9383,0.0027,2.9162,0.7235,-3.6882,-0.1503,0.6782,1.405,2,0,6.808125,6.808125,1.505246913580247,-2.603819444444444,0.286556015616204,23.166666666666668,104.536,99.496,104.00289246,34,0,0.123916027232291,-0.353084622279988,0.353084622279988,0.123916027232291,2.333333333333333,3.166666666666666,3.666666666666666,1.549112601072733,4.205781377923589,186.8846610397972,9.121320343559642,7.78621276347309,3.542141709491544,4.767766952966369,3.597230526968476,1.475194999977703,0.406275820212977,0.5605791701750691,0.140637910106488,0.217789585087534,0.044803436899252,0.083379274389775,-0.19,103.79054427187316,1.396780844194641,4.809999999999999,3.809999999999998,49.27496672010628,4.736862953800049,13.947910864047127,0,0,0,0,0,0,0,6.399401534821945,17.521374209088158,0.0,0.0,5.483034224680881,11.590655734651149,11.600939890232516,0,0,0.0,0.0,12.577152307876908,0.0,0,12.319835853677588,0.0,0,0,11.600939890232516,12.577152307876908,4.736862953800049,12.319835853677588,6.853792780851101,0.0,0.0,0,0,9.23,12.577152307876908,0,0,0.0,0,0,6.399401534821945,5.920434318855644,0.0,4.736862953800049,18.45473267108361,37.1532563303099,4.895524533887628,0,0.0,0.0,1.681736111111111,-2.603819444444444,1.505246913580247,-2.520833333333333,0,0.5,6,0,1,0,0,0,0,0,0,1,0,2,2,0,0,0,0,0.8325,25.504999999999992,0,0,0,0,0,0,0,0,0,0,0,0,0,0,0,0,0,0,0,0,0,0,0,0,0,1,0,0,0,0,0,0,0,0,0,0,0,0,0,0,0,1,0,0,1,0,0,0,0,0,0,0,0,0,0,0,0,0,0,0,0,0,0,0,0,0,0,0,0,0,0,0,0,0,0,0,0,0,1,0,0,0,0,0,0
alkyne_32,C#CCCOCCBr,-0.0447,0.3368,0.0317,0.0438,0.0375,51.0012,0.2554,-0.003,1.054,3.202,0.0,1.909,9.425,0.002,15.7185,2.0,0.9696,-0.106,0.06,0.083,0.071,-0.023,0.0057,0.0079,0.0068,1.386,0.7215,-0.0001,-0.0121,0.0888,0.1229,0.1051,34.058,2.273,,,0.0,0.002,0.0,0.0095,0.9908,0.0301,0.0327,0.0317,13.5703,0.4342,-0.001,1.073,3.041,0.0,1.967,9.081,0.0016,21.0193,0.0055,0.734,-0.021,0.057,0.062,0.06,-0.005,0.0054,0.0059,0.0057,1.0926,0.9153,0.0,-0.0026,0.0844,0.0918,0.0888,31.619,2.375,,,0.0,0.002,0.0,0.0095,0.9908,0.0317,0.0438,0.0375,51.0012,0.4342,-0.001,1.073,3.202,0.0,1.967,9.425,0.002,21.0193,2.0,0.9696,-0.021,0.06,0.083,0.071,-0.005,0.0057,0.0079,0.0068,1.386,0.9153,0.0,-0.0026,0.0888,0.1229,0.1051,34.058,2.375,,,0.0,0.002,0.0,-0.0447,0.3368,0.0301,0.0327,0.0317,13.5703,0.2554,-0.003,1.054,3.041,0.0,1.909,9.081,0.0016,15.7185,0.0055,0.734,-0.106,0.057,0.062,0.06,-0.023,0.0054,0.0059,0.0057,1.0926,0.7215,-0.0001,-0.0121,0.0844,0.0918,0.0888,31.619,2.273,,,0.0,0.002,0.0,11.248,-10.032,1.216,8.5832,-1.9227,3.0275,0,324.9426,-4.371,-1.0493,-8.4335,93.6045,0.021,10.5059,0.0952,3.3302,0.5278,1.4804,13.5655,2.6703,122.1371,5.0253,-10.9461,-5.9208,5.204,-25.5008,3732.133,111608.3854,204.3659,183.8556,-3.3302,0.0943,6.7548,0.5670000000000001,-5.9567,0.5670000000000001,2.4505,9.111,0.634,-6.6605,4.7877,0.0041,2.2765,0.799,-3.2554,-0.7445,0.6782,0.686,2,0,7.223958333333334,7.223958333333334,1.415674248866213,-3.216597222222223,0.35816008386107,31.375,177.04100000000008,167.969,175.983677008,46,0,0.123826231618045,-0.379596550882887,0.379596550882887,0.123826231618045,1.875,2.75,3.375,1.981164851367482,5.1766787961304335,335.62080397815373,14.121320343559642,12.78621276347309,5.372209302587795,7.267766952966369,6.097230526968477,2.390228796525829,0.6506773361002041,1.04717647087888,0.254168946414471,0.416039040358267,0.095834473207235,0.176769520179133,0.0,1495.7794627824496,1.53125,7.0,6.0,71.1890143283304,4.736862953800049,1.37075855617022,0,0,0,0,0,0,0,12.319835853677588,15.929943897949348,0.0,17.138152051475053,18.601004710513457,17.07368995933203,15.929943897949348,0,0,0.0,6.372924901329379,18.40016341129737,0.0,0,12.319835853677588,0.0,0,0,15.929943897949348,18.40016341129737,4.736862953800049,12.319835853677588,18.70975190686136,0.0,0.0,0,0,9.23,24.773088312626754,0,0,0.0,0,0,6.399401534821945,5.920434318855644,0.0,20.6668068517494,12.33682700553198,67.91166772959184,2.329602111678004,0,-2.7104928429705213,0.0,1.581746031746032,0.0,-1.5284229733560082,-6.334100056689343,0,0.6666666666666661,8,0,1,0,0,0,0,0,0,1,0,2,4,0,0,0,0,1.4212,38.06300000000001,0,0,0,0,0,0,0,0,0,0,0,0,0,0,0,0,0,0,0,0,0,0,0,0,0,1,0,0,0,0,0,0,0,0,0,0,0,0,0,0,0,1,0,0,1,0,0,0,0,0,0,0,0,0,0,0,0,0,0,0,0,0,0,0,0,0,0,0,0,0,0,0,0,0,0,0,0,0,1,0,0,0,0,0,0
